UWI,Source,Weight,Units,Depth
42013342710000,PI,10,PPG,7737
42013343210000,PI,10.7,PPG,8930
42013343210000,PI,11.4,PPG,16057
42013343220000,PI,10.6,PPG,12200
42013343220000,PI,10.8,PPG,15620
42013343230000,PI,10.5,PPG,10797
42013343230000,PI,11.1,PPG,14473
42013343430000,PI,11.6,PPG,11250
42013343540000,PI,11.3,PPG,13520
42013343830000,PI,10.4,PPG,9770
42013344220000,PI,10,PPG,8200
42013344280000,PI,10.3,PPG,7908
42013344530000,PI,11,PPG,7680
42013344680000,PI,10.6,PPG,9370
42021316090000,PI,9.2,PPG,8018
42021316090000,PI,11.2,PPG,11352
42041312500000,PI,8.1,PPG,3269
42041312500000,PI,8.1,PPG,3959
42041312500000,PI,8.9,PPG,6294
42041312500000,PI,9.2,PPG,7613
42041312500000,PI,9,PPG,7940
42123322020000,PI,8.3,PPG,2560
42123322020000,PI,10.3,PPG,13119
42123322550100,PI,10.9,PPG,12750
42123322550100,PI,12.3,PPG,13895
42123322610000,PI,11.5,PPG,12120
42123322840000,PI,10,PPG,11000
42123322840000,PI,10.5,PPG,12450
42123322950000,PI,12.7,PPG,18246
42123323040000,PI,10,PPG,8303
42123323040000,PI,10.5,PPG,18853
42123323050000,PI,11,PPG,18111
42123323060000,PI,9.8,PPG,2981
42123323060000,PI,11.6,PPG,13822
42123323090000,PI,10,PPG,11819
42123323090000,PI,10.2,PPG,14753
42123323140000,PI,10.6,PPG,10648
42123323140000,PI,11,PPG,16320
42123323160000,PI,10.5,PPG,8685
42123323160000,PI,10.7,PPG,16969
42123323200000,PI,10.6,PPG,16531
42123323250000,PI,10.7,PPG,9976
42123323250000,PI,10.8,PPG,18155
42123323290000,PI,12.2,PPG,13950
42123323320000,PI,10.8,PPG,12512
42123323370000,PI,10.5,PPG,3335
42123323420000,PI,10.6,PPG,1744
42123323420000,PI,10.8,PPG,14230
42123323430000,PI,10.8,PPG,11250
42123323430000,PI,12,PPG,16830
42123323430000,PI,13.2,PPG,19425
42123323450000,PI,10.3,PPG,4550
42123323460000,PI,10.5,PPG,18028
42123323460000,PI,10.6,PPG,18273
42123323500000,PI,10.6,PPG,3133
42123323500000,PI,11.4,PPG,15648
42123323590000,PI,14,PPG,12451
42123323590000,PI,14.2,PPG,17239
42123323640000,PI,10.5,PPG,9820
42123323670000,PI,10.4,PPG,12456
42123323670000,PI,11.6,PPG,19315
42123323680000,PI,10.5,PPG,10330
42123323680000,PI,13.8,PPG,15725
42123323700000,PI,10.7,PPG,13205
42123323700000,PI,11.2,PPG,17659
42123323720000,PI,11.2,PPG,18699
42123323730000,PI,10.7,PPG,11768
42123323730000,PI,11.8,PPG,17880
42123323750000,PI,10.2,PPG,9075
42123323760000,PI,10.6,PPG,10238
42123323760000,PI,11.2,PPG,12928
42123323760000,PI,11.2,PPG,13500
42123323770000,PI,10.5,PPG,9620
42123323770000,PI,13.1,PPG,18185
42123323780100,PI,12.4,PPG,14230
42123323780100,PI,14.3,PPG,19640
42123323800000,PI,143,PPG,13485
42123323800000,PI,11.6,PPG,15755
42123323800000,PI,13.8,PPG,16652
42123323810000,PI,11,PPG,16278
42123323820000,PI,10.1,PPG,9880
42123323850000,PI,10.5,PPG,11970
42123323850000,PI,13.8,PPG,14020
42123323890000,PI,10.5,PPG,8252
42123323890000,PI,12.1,PPG,14046
42123323900000,PI,11.3,PPG,13085
42123323920000,PI,14.3,PPG,18475
42123323930000,PI,11.2,PPG,13105
42123323950000,PI,10,PPG,7730
42123323960000,PI,9.3,PPG,7635
42123323960000,PI,10.5,PPG,16040
42123324010000,PI,10,PPG,6550
42123324020000,PI,8.3,PPG,4350
42123324020000,PI,11,PPG,17080
42123324040000,PI,12,PPG,13550
42123324050000,PI,10.8,PPG,12170
42123324050000,PI,11.4,PPG,16240
42123324070000,PI,11.3,PPG,15353
42123324070000,PI,11.2,PPG,18454
42123324080000,PI,10.9,PPG,10055
42123324110000,PI,10.8,PPG,16790
42123324120000,PI,9.2,PPG,2510
42123324120000,PI,10.2,PPG,19320
42123324140000,PI,10.5,PPG,13170
42123324150000,PI,10.4,PPG,7642
42123324150000,PI,10.8,PPG,12993
42123324180000,PI,11.2,PPG,10150
42123324200000,PI,10.6,PPG,7810
42123324200000,PI,14.7,PPG,13360
42123324200000,PI,14.7,PPG,20035
42123324220000,PI,11.2,PPG,2510
42123324240000,PI,8,PPG,2540
42123324240000,PI,14,PPG,12295
42123324250000,PI,10.7,PPG,13090
42123324250000,PI,11.1,PPG,13936
42123324250000,PI,14.3,PPG,15648
42123324260000,PI,10.4,PPG,10014
42123324270000,PI,11.2,PPG,16218
42123324280000,PI,14,PPG,17932
42123324310000,PI,11,PPG,6500
42123324320000,PI,10.8,PPG,3587
42123324320000,PI,14.4,PPG,18794
42123324330000,PI,11,PPG,13758
42123324340000,PI,10.4,PPG,9600
42123324340000,PI,11,PPG,14714
42123324350000,PI,11.1,PPG,5750
42123324370000,PI,11.5,PPG,12940
42123324420000,PI,14.6,PPG,16130
42123324440000,PI,10,PPG,2550
42123324460000,PI,10.5,PPG,19420
42123324470000,PI,14,PPG,12726
42123324470000,PI,14,PPG,16812
42123324490000,PI,11.3,PPG,16619
42123324500000,PI,14.5,PPG,13358
42123324500000,PI,14.7,PPG,16750
42123324530000,PI,10.3,PPG,6355
42123324540000,PI,10.1,PPG,5294
42123324540000,PI,10.5,PPG,11241
42123324540000,PI,10.5,PPG,17715
42123324640000,PI,11,PPG,15640
42123324660000,PI,10.5,PPG,13050
42123324670000,PI,10.8,PPG,12950
42123324670000,PI,10.8,PPG,13787
42123324670000,PI,11.4,PPG,16608
42123324720000,PI,10.5,PPG,18633
42123324730100,PI,13.1,PPG,12943
42123324730100,PI,14,PPG,17615
42123324740000,PI,10.5,PPG,7474
42123324740000,PI,10.5,PPG,12800
42123324750000,PI,11,PPG,10800
42123324750000,PI,14,PPG,12550
42123324790000,PI,11.3,PPG,12244
42123324800000,PI,11.2,PPG,2580
42123324810000,PI,10,PPG,11570
42123324840000,PI,10.5,PPG,13593
42123324920000,PI,14.7,PPG,19390
42123324940000,PI,10.2,PPG,11242
42123324940000,PI,10.7,PPG,12679
42123324940000,PI,10.2,PPG,13317
42123325250000,PI,9,PPG,2535
42123325310000,PI,10.5,PPG,10220
42123325420000,PI,10.5,PPG,13498
42123325600000,PI,12.5,PPG,10620
42123325680000,PI,13.2,PPG,19705
42123325780000,PI,10.8,PPG,12305
42123327490000,PI,10.5,PPG,11650
42123327710000,PI,11.6,PPG,15442
42123327710000,PI,11.9,PPG,19160
42123327920000,PI,11,PPG,12149
42123327980000,PI,11.4,PPG,19329
42123328000000,PI,10.8,PPG,12803
42123328000000,PI,12.9,PPG,19090
42123328010000,PI,14.7,PPG,19761
42123328180000,PI,10.4,PPG,9800
42123328180000,PI,12,PPG,13031
42123328180000,PI,14.7,PPG,17309
42123328180000,PI,14.9,PPG,18273
42123328220000,PI,14.4,PPG,17037
42123328250000,PI,12.2,PPG,17692
42123328250000,PI,12.3,PPG,19157
42123328710000,PI,13.1,PPG,19313
42127337520100,PI,9.2,PPG,1700
42127337520100,PI,9.6,PPG,3261
42127337520100,PI,10.4,PPG,5544
42127337520100,PI,10.6,PPG,7900
42127337520100,PI,10.7,PPG,8310
42127337520100,PI,10.7,PPG,8360
42127337520100,PI,10.7,PPG,8430
42127337520100,PI,10.7,PPG,8558
42127337520100,PI,10.7,PPG,8650
42127337520100,PI,10.6,PPG,8700
42127337520100,PI,10.6,PPG,9761
42127337520100,PI,10.7,PPG,10600
42127337520100,PI,10.7,PPG,11376
42127337520100,PI,10.7,PPG,11798
42127337520100,PI,10.8,PPG,13542
42127337520100,PI,10.9,PPG,13880
42127337660100,PI,11.2,PPG,8100
42127337660100,PI,11.2,PPG,8575
42127337660100,PI,11.4,PPG,9500
42127337660100,PI,11.6,PPG,9800
42127337660100,PI,11.9,PPG,10301
42127337660100,PI,11.6,PPG,10525
42127337660100,PI,11.6,PPG,11733
42127337660100,PI,11.7,PPG,12665
42127337660100,PI,11.6,PPG,13203
42127337660100,PI,11.8,PPG,13750
42127338410100,PI,10,PPG,7571
42127338410100,PI,10.4,PPG,8210
42127338410100,PI,10.4,PPG,8337
42127338410100,PI,10.3,PPG,8446
42127338410100,PI,10.4,PPG,8790
42127338410100,PI,10.4,PPG,10343
42127338410100,PI,10.4,PPG,11946
42127338410100,PI,10.2,PPG,13150
42127338410100,PI,10.2,PPG,13707
42127338410100,PI,10.4,PPG,13920
42127338410100,PI,10.3,PPG,14690
42127338420000,PI,10.4,PPG,7679
42127338420000,PI,10.4,PPG,8061
42127338420000,PI,10.6,PPG,8546
42127338420000,PI,10.6,PPG,8684
42127338430200,PI,9.8,PPG,7658
42127338430200,PI,9.8,PPG,8314
42127338430200,PI,10.5,PPG,9174
42127338430200,PI,10.2,PPG,11300
42127338430200,PI,10.2,PPG,12600
42127338430200,PI,10.6,PPG,13848
42127338440000,PI,10.6,PPG,9073
42127338440000,PI,11.2,PPG,11100
42127338440000,PI,11.2,PPG,12800
42127338440000,PI,11.2,PPG,14000
42127339600000,PI,8.9,PPG,2820
42127339600000,PI,10.4,PPG,3500
42127339600000,PI,10.4,PPG,5930
42127339600000,PI,10.2,PPG,7672
42127339600000,PI,10.2,PPG,8567
42127339600000,PI,10.2,PPG,11114
42127339600000,PI,10.3,PPG,12784
42127339600000,PI,10.5,PPG,13508
42127339600000,PI,10.5,PPG,14338
42127339720000,PI,8.4,PPG,1175
42127339720000,PI,10.1,PPG,5837
42127339960100,PI,10.5,PPG,9265
42127339960100,PI,10.9,PPG,9800
42127339960100,PI,11.1,PPG,10312
42127339960100,PI,11.3,PPG,12650
42127339960100,PI,11.3,PPG,14000
42127339960100,PI,11.3,PPG,15120
42127341080000,PI,11,PPG,3501
42127341080000,PI,11.2,PPG,5337
42127341080000,PI,11.2,PPG,7522
42127341080000,PI,11.2,PPG,7747
42127341080000,PI,11.2,PPG,8046
42127341080000,PI,11.2,PPG,8582
42127341080000,PI,11.2,PPG,9003
42127341080000,PI,11.5,PPG,10775
42127341080000,PI,11.5,PPG,12285
42127341080000,PI,11.7,PPG,13650
42127341080000,PI,12,PPG,14030
42127341090000,PI,10.8,PPG,3844
42127341090000,PI,10.7,PPG,4958
42127341090000,PI,10.7,PPG,7531
42127341090000,PI,11,PPG,7935
42127341090000,PI,11,PPG,8179
42127341090000,PI,11.1,PPG,8550
42127341090000,PI,11.2,PPG,9251
42127341090000,PI,11.2,PPG,9780
42127341090000,PI,11.8,PPG,11222
42127341090000,PI,11.8,PPG,11784
42127341090000,PI,11.8,PPG,14090
42127341100000,PI,11.2,PPG,5060
42127341100000,PI,11.2,PPG,7435
42127341100000,PI,11.3,PPG,7793
42127341100000,PI,11.3,PPG,7912
42127341100000,PI,11.4,PPG,7997
42127341100000,PI,11.4,PPG,8137
42127341100000,PI,11.6,PPG,8545
42127341100000,PI,12,PPG,9725
42127341100000,PI,12,PPG,11300
42127341100000,PI,12.1,PPG,12270
42127341100000,PI,12,PPG,13728
42127341100000,PI,12,PPG,13948
42127341110000,PI,11.4,PPG,3483
42127341110000,PI,11.5,PPG,6582
42127341110000,PI,11.5,PPG,7306
42127341110000,PI,11.5,PPG,7514
42127341110000,PI,11.5,PPG,7735
42127341110000,PI,11.8,PPG,7945
42127341110000,PI,11.8,PPG,8258
42127341110000,PI,11.8,PPG,8751
42127341110000,PI,11.9,PPG,9590
42127341110000,PI,11.9,PPG,9748
42127341110000,PI,11.9,PPG,10188
42127341110000,PI,11.9,PPG,10992
42127341110000,PI,11.9,PPG,11895
42127341110000,PI,11.9,PPG,12900
42127341110000,PI,11.9,PPG,13850
42127341110000,PI,12,PPG,13878
42127342020100,PI,10.7,PPG,7598
42127342960000,PI,12.7,PPG,6400
42127342970000,PI,8.3,PPG,562
42127342970000,PI,8.5,PPG,3003
42127342970000,PI,10.8,PPG,3018
42127342970000,PI,10.7,PPG,3500
42127342970000,PI,10.6,PPG,5684
42127342970000,PI,11.4,PPG,7555
42127342970000,PI,11.4,PPG,7981
42127342970000,PI,11.7,PPG,8306
42127342970000,PI,11.6,PPG,9596
42127342970000,PI,11.6,PPG,10524
42127342970000,PI,11.8,PPG,11246
42127342970000,PI,11.7,PPG,12800
42127342970000,PI,11.8,PPG,13435
42127342970000,PI,11.7,PPG,14900
42127342990000,PI,8.3,PPG,215
42127342990000,PI,8.5,PPG,2610
42127342990000,PI,8.5,PPG,3009
42127342990000,PI,11,PPG,5597
42127342990000,PI,10.8,PPG,6630
42127342990000,PI,10.8,PPG,7483
42127342990000,PI,10.9,PPG,7810
42127342990000,PI,11.5,PPG,7955
42127342990000,PI,11.6,PPG,8950
42127342990000,PI,11.7,PPG,10500
42127342990000,PI,11.6,PPG,11585
42127342990000,PI,11.7,PPG,12200
42127342990000,PI,11.7,PPG,12390
42127342990000,PI,11.7,PPG,13570
42127343000000,PI,8.3,PPG,204
42127343000000,PI,8.4,PPG,3024
42127343000000,PI,10.8,PPG,5308
42127343000000,PI,10.8,PPG,6538
42127343000000,PI,10.9,PPG,7700
42127343000000,PI,11,PPG,8423
42127343000000,PI,11.4,PPG,8450
42127343000000,PI,11.4,PPG,9400
42127343000000,PI,11.4,PPG,12500
42127343000000,PI,11.6,PPG,13850
42127343000000,PI,11.6,PPG,14550
42127343010000,PI,8.2,PPG,297
42127343010000,PI,8.3,PPG,3060
42127343010000,PI,9.9,PPG,3477
42127343010000,PI,11,PPG,4649
42127343010000,PI,11,PPG,6933
42127343010000,PI,11.1,PPG,7682
42127343010000,PI,11.4,PPG,8110
42127343010000,PI,11.4,PPG,8700
42127343010000,PI,11.5,PPG,10423
42127343010000,PI,11.4,PPG,11500
42127343010000,PI,11.4,PPG,12800
42127343010000,PI,11.4,PPG,13850
42127343010000,PI,11.4,PPG,14093
42127343010000,PI,11.4,PPG,14515
42127343020000,PI,9.4,PPG,120
42127343020000,PI,8.3,PPG,2013
42127343020000,PI,9.2,PPG,3027
42127343020000,PI,10.9,PPG,4328
42127343020000,PI,10.8,PPG,5985
42127343020000,PI,10.8,PPG,7481
42127343020000,PI,11,PPG,7880
42127343020000,PI,11.3,PPG,8400
42127343020000,PI,11.5,PPG,8800
42127343020000,PI,11.6,PPG,9346
42127343020000,PI,11.5,PPG,10200
42127343020000,PI,11.6,PPG,11717
42127343020000,PI,11.7,PPG,13160
42127343030000,PI,11.2,PPG,3794
42127343030000,PI,11,PPG,5444
42127343030000,PI,11,PPG,7266
42127343030000,PI,11.3,PPG,7734
42127343030000,PI,11.4,PPG,7870
42127343030000,PI,11.4,PPG,8000
42127343030000,PI,11.4,PPG,8420
42127343030000,PI,11.5,PPG,8561
42127343030000,PI,11.5,PPG,10200
42127343030000,PI,11.5,PPG,11515
42127343030000,PI,11.4,PPG,12730
42127343030000,PI,11.4,PPG,13201
42127343030000,PI,11.4,PPG,13785
42127343040000,PI,11.3,PPG,3435
42127343040000,PI,11,PPG,4700
42127343040000,PI,11.1,PPG,6000
42127343040000,PI,11.4,PPG,7124
42127343040000,PI,11.4,PPG,7670
42127343040000,PI,11.3,PPG,8050
42127343040000,PI,11.4,PPG,8660
42127343040000,PI,11.4,PPG,9105
42127343040000,PI,11.4,PPG,9914
42127343040000,PI,11.4,PPG,10911
42127343040000,PI,11.5,PPG,12521
42127343040000,PI,11.6,PPG,13721
42127343050000,PI,11.1,PPG,3515
42127343050000,PI,11.1,PPG,4500
42127343050000,PI,11.1,PPG,6250
42127343050000,PI,11.2,PPG,7450
42127343050000,PI,11.4,PPG,7900
42127343050000,PI,11.4,PPG,8200
42127343050000,PI,11.4,PPG,8565
42127343050000,PI,11.4,PPG,9600
42127343050000,PI,11.5,PPG,11300
42127343050000,PI,11.5,PPG,12200
42127343050000,PI,11.5,PPG,13400
42127343050000,PI,11.6,PPG,14176
42127343060000,PI,8.4,PPG,254
42127343060000,PI,8.6,PPG,2640
42127343060000,PI,8.6,PPG,3514
42127343060000,PI,11.1,PPG,3610
42127343060000,PI,11,PPG,4839
42127343060000,PI,11,PPG,6826
42127343060000,PI,11,PPG,7148
42127343060000,PI,11,PPG,7342
42127343060000,PI,11.1,PPG,7840
42127343060000,PI,11.4,PPG,8220
42127343060000,PI,11.4,PPG,9311
42127343060000,PI,11.4,PPG,9467
42127343060000,PI,11.4,PPG,10000
42127343060000,PI,11.4,PPG,10723
42127343060000,PI,11.4,PPG,11300
42127343060000,PI,11.6,PPG,13000
42127343060000,PI,11.6,PPG,13950
42127343580000,PI,8.5,PPG,13190
42127344670000,PI,10.5,PPG,8118
42127345030000,PI,10.3,PPG,5183
42127345030000,PI,10.4,PPG,6460
42127345030000,PI,11,PPG,7307
42127345030000,PI,11.4,PPG,7612
42127345030000,PI,11.4,PPG,7907
42127345030000,PI,11.4,PPG,8549
42127345030000,PI,11.4,PPG,9515
42127345030000,PI,11.4,PPG,10584
42127345030000,PI,11.4,PPG,11600
42127345030000,PI,11.4,PPG,12804
42127345040000,PI,11.7,PPG,3061
42127345040000,PI,10.9,PPG,3375
42127345040000,PI,10.6,PPG,4841
42127345040000,PI,10.8,PPG,6733
42127345040000,PI,11.4,PPG,7910
42127345040000,PI,11.4,PPG,8603
42127345040000,PI,11.5,PPG,11808
42127345040000,PI,11.8,PPG,13192
42127345050000,PI,10.8,PPG,3134
42127345050000,PI,10.8,PPG,4720
42127345050000,PI,11.4,PPG,6612
42127345050000,PI,11.4,PPG,8710
42127345050000,PI,11.4,PPG,10064
42127345050000,PI,11.4,PPG,10615
42127345050000,PI,11.4,PPG,12550
42127345050000,PI,11.7,PPG,13495
42127345140000,PI,10.6,PPG,3019
42127345140000,PI,10.6,PPG,4639
42127345140000,PI,10.6,PPG,6521
42127345140000,PI,11.5,PPG,7509
42127345140000,PI,11.4,PPG,7805
42127345140000,PI,11.5,PPG,8272
42127345140000,PI,11.5,PPG,8794
42127345140000,PI,11.5,PPG,8835
42127345140000,PI,11.6,PPG,9702
42127345140000,PI,11.6,PPG,10972
42127345140000,PI,11.6,PPG,12212
42127345140000,PI,10.9,PPG,13109
42127346780000,PI,11.5,PPG,2990
42127346780000,PI,11.1,PPG,4100
42127346780000,PI,11.1,PPG,6560
42127346780000,PI,11.1,PPG,7710
42127346780000,PI,11.3,PPG,8190
42127346780000,PI,11.3,PPG,8700
42127346780000,PI,11.6,PPG,10010
42127346780000,PI,11.7,PPG,11227
42127346780000,PI,11.7,PPG,12621
42127346780000,PI,11.7,PPG,13800
42127346800000,PI,11.4,PPG,2992
42127346800000,PI,11.3,PPG,4140
42127346800000,PI,11.2,PPG,5960
42127346800000,PI,11.2,PPG,7500
42127346800000,PI,11.2,PPG,8080
42127346800000,PI,11.4,PPG,8840
42127346800000,PI,11.4,PPG,10400
42127346800000,PI,11.4,PPG,11700
42127346800000,PI,11.9,PPG,13000
42127349510000,PI,13,PPG,13110
42163334450000,PI,9.5,PPG,1000
42163334450000,PI,9,PPG,6195
42163334450000,PI,9.1,PPG,6990
42163334450000,PI,10.4,PPG,8130
42163334450000,PI,10.2,PPG,11114
42163334450000,PI,10.5,PPG,11765
42163334930000,PI,8.4,PPG,1000
42163334930000,PI,8.9,PPG,6444
42163334930000,PI,11.1,PPG,8549
42163334930000,PI,10.4,PPG,11909
42163334930000,PI,10.8,PPG,12165
42163335090000,PI,10.4,PPG,13611
42177321360000,PI,11.6,PPG,11847
42177321440000,PI,10.8,PPG,13130
42177321540000,PI,10.5,PPG,10880
42177322430000,PI,11.1,PPG,10502
42177322700000,PI,9.5,PPG,11917
42177323520000,PI,10.5,PPG,11636
42177325800000,PI,10.5,PPG,2645
42177325800000,PI,11,PPG,10757
42177325820000,PI,63,PPG,11017
42177325820000,PI,66,PPG,11709
42177325820000,PI,81,PPG,15910
42177326300000,PI,10.2,PPG,5120
42177326300000,PI,8,PPG,10757
42177327160000,PI,60,PPG,15234
42255316350100,PI,11.5,PPG,12960
42255316450000,PI,10.6,PPG,9760
42255316450000,PI,11.4,PPG,13800
42255316800000,PI,11.7,PPG,14230
42255316850000,PI,9.2,PPG,4550
42255316850000,PI,12,PPG,14250
42255317010000,PI,11.6,PPG,12750
42255317150000,PI,10.5,PPG,6120
42255317160000,PI,10.6,PPG,9350
42255317160000,PI,10.7,PPG,10100
42255317220000,PI,11.2,PPG,12539
42255317220000,PI,11.3,PPG,15200
42255317300000,PI,10.8,PPG,10600
42255317370000,PI,12.7,PPG,18402
42255317470000,PI,11.6,PPG,16500
42255317480000,PI,11,PPG,9500
42255317480000,PI,11.4,PPG,15000
42255317490000,PI,12.5,PPG,13126
42255317490000,PI,14.3,PPG,17525
42255317700000,PI,10.5,PPG,16820
42255317800000,PI,10.7,PPG,5703
42255317800000,PI,11.5,PPG,13710
42255318010000,PI,10.9,PPG,11690
42255318030000,PI,12.2,PPG,11372
42255318030000,PI,12.8,PPG,14500
42255318050000,PI,11.8,PPG,12960
42255318120000,PI,10.8,PPG,11075
42255318120000,PI,11.5,PPG,15713
42255318190000,PI,11.4,PPG,3528
42255318190000,PI,12,PPG,12195
42255318190000,PI,12.2,PPG,12601
42255318190000,PI,12.5,PPG,13666
42255318230000,PI,11.1,PPG,9897
42255318260000,PI,10.4,PPG,7355
42255318260000,PI,11.1,PPG,13231
42255318260000,PI,11.5,PPG,16782
42255318300000,PI,10.5,PPG,5400
42255318300000,PI,11.2,PPG,12520
42255318300000,PI,11.2,PPG,16356
42255318420000,PI,10.4,PPG,4608
42255318420000,PI,11.8,PPG,16672
42255318460000,PI,10.6,PPG,8301
42255318490000,PI,9.4,PPG,5388
42255318490000,PI,10.5,PPG,9322
42255318490000,PI,10.9,PPG,12912
42255318490000,PI,11,PPG,16235
42255318500000,PI,10.6,PPG,8373
42255318500000,PI,10.8,PPG,14882
42255318500000,PI,10.9,PPG,16479
42255318530000,PI,9.2,PPG,5410
42255318530000,PI,11.2,PPG,14007
42255318530000,PI,11.4,PPG,16040
42255318770000,PI,10.8,PPG,4550
42255318770000,PI,10.6,PPG,10779
42255318770000,PI,11.4,PPG,16433
42255318820000,PI,8.5,PPG,430
42255318820000,PI,9.8,PPG,5075
42255318820000,PI,9.8,PPG,9535
42255318820000,PI,10.5,PPG,12940
42255318820000,PI,11.2,PPG,15465
42255318820000,PI,11.4,PPG,16110
42255318820000,PI,11.2,PPG,16401
42255318830000,PI,10.5,PPG,8005
42255318830000,PI,10.5,PPG,12865
42255318830000,PI,10.5,PPG,15855
42255318830000,PI,11.5,PPG,17532
42255318960000,PI,8.5,PPG,226
42255318960000,PI,10.5,PPG,10518
42255318960000,PI,12.4,PPG,15188
42255318990000,PI,10.7,PPG,4500
42255318990000,PI,10.5,PPG,11533
42255318990000,PI,11.4,PPG,15742
42255319040000,PI,10.6,PPG,9960
42255319040000,PI,11.1,PPG,15767
42255319300000,PI,9.3,PPG,4611
42255319300000,PI,10.9,PPG,11708
42255319300000,PI,11.5,PPG,17696
42255319320000,PI,10.5,PPG,7925
42255319320000,PI,10.7,PPG,12713
42255319320000,PI,11.2,PPG,17451
42255319350000,PI,10.4,PPG,6480
42255319350000,PI,10.5,PPG,12935
42255319350000,PI,11.4,PPG,17572
42255319480000,PI,12,PPG,13406
42255319520000,PI,11.5,PPG,12930
42255319520000,PI,11.6,PPG,14329
42255319530000,PI,10.6,PPG,15137
42255319530000,PI,11.4,PPG,17677
42255319540000,PI,11,PPG,10590
42255319540000,PI,11.3,PPG,12616
42255319540000,PI,11.2,PPG,17700
42255319540000,PI,11.5,PPG,18658
42255319630000,PI,10.3,PPG,7770
42255319630000,PI,10.8,PPG,11084
42255319630000,PI,11.3,PPG,15647
42255319630000,PI,11.6,PPG,16700
42255319640000,PI,11.8,PPG,5130
42255319640000,PI,10.7,PPG,10678
42255319640000,PI,11.1,PPG,14400
42255319650100,PI,11,PPG,17865
42255319660000,PI,9,PPG,2169
42255319660000,PI,10.7,PPG,8245
42255319660000,PI,10.7,PPG,12620
42255319660000,PI,10.9,PPG,16699
42255319660000,PI,11.1,PPG,17815
42255319690000,PI,9.2,PPG,4965
42255319690000,PI,10.9,PPG,11756
42255319690000,PI,11.6,PPG,15513
42255319720000,PI,10.5,PPG,9815
42255319720000,PI,10.9,PPG,14630
42255319720000,PI,11.2,PPG,16717
42255319730000,PI,10.8,PPG,10012
42255319730000,PI,10.8,PPG,10717
42255319730000,PI,10.9,PPG,14540
42255319730000,PI,11.1,PPG,16524
42255319740000,PI,9,PPG,5010
42255319740000,PI,10.8,PPG,11768
42255319740000,PI,11,PPG,16752
42255319750000,PI,9.1,PPG,4950
42255319750000,PI,11,PPG,11585
42255319750000,PI,11.1,PPG,15034
42255319750000,PI,11.4,PPG,16608
42255319760000,PI,8.4,PPG,673
42255319760000,PI,10.5,PPG,8610
42255319760000,PI,10.9,PPG,12803
42255319760000,PI,11.4,PPG,16155
42255319780000,PI,9.4,PPG,6369
42255319780000,PI,11.1,PPG,14085
42255319780000,PI,11.4,PPG,16900
42255319870000,PI,10.8,PPG,11115
42255319870000,PI,11.1,PPG,12194
42255319870000,PI,10.8,PPG,12787
42255319870000,PI,11,PPG,12787
42255319870000,PI,11.2,PPG,16266
42255319890000,PI,8.8,PPG,731
42255319890000,PI,10.7,PPG,8708
42255319890000,PI,10.4,PPG,10680
42255319890000,PI,10.5,PPG,11128
42255319890000,PI,11.3,PPG,15157
42255319910000,PI,8.5,PPG,4603
42255319910000,PI,10.5,PPG,10875
42255319910000,PI,10.6,PPG,12770
42255319910000,PI,11.2,PPG,13975
42255319910000,PI,11.2,PPG,16177
42255319910000,PI,11.5,PPG,17734
42255320060000,PI,10.5,PPG,9600
42255320230000,PI,11.5,PPG,3820
42255320230000,PI,10.7,PPG,9805
42255320230000,PI,11.2,PPG,15274
42255320240000,PI,10.7,PPG,9046
42255320240000,PI,11,PPG,9635
42255320240000,PI,11.3,PPG,13753
42255320240000,PI,11.4,PPG,14950
42255320310000,PI,9.1,PPG,4055
42255320310000,PI,10.8,PPG,11888
42255320310000,PI,11.5,PPG,17417
42255320310000,PI,12,PPG,17777
42255320320000,PI,10.5,PPG,4055
42255320320000,PI,10.8,PPG,13193
42255320320000,PI,11.4,PPG,17670
42255320390000,PI,9,PPG,5420
42255320390000,PI,10.6,PPG,11418
42255320390000,PI,10.9,PPG,15390
42255320390000,PI,11.4,PPG,16676
42255320520000,PI,10.6,PPG,12740
42255320520000,PI,11.5,PPG,17539
42255320530000,PI,8.7,PPG,4057
42255320530000,PI,10.3,PPG,11518
42255320530000,PI,11.1,PPG,15480
42255320530000,PI,11.2,PPG,17531
42255320750000,PI,9.3,PPG,4600
42255320750000,PI,10.8,PPG,10473
42255320750000,PI,10.8,PPG,12481
42255320750000,PI,10.9,PPG,15137
42255320750000,PI,10.9,PPG,16049
42255320780100,PI,9.2,PPG,5720
42255320780100,PI,10.8,PPG,11750
42255320780100,PI,11.2,PPG,13049
42255320780100,PI,11.1,PPG,16077
42255320780100,PI,11.4,PPG,17136
42255320820000,PI,11.4,PPG,9458
42255320820000,PI,10.8,PPG,13522
42255320820000,PI,11.1,PPG,17242
42255320890000,PI,10.5,PPG,7630
42255320890000,PI,10.9,PPG,15839
42255320890000,PI,11,PPG,17962
42255320950000,PI,9.7,PPG,4516
42255320950000,PI,10.8,PPG,12306
42255320950000,PI,10.8,PPG,17900
42255320950000,PI,11.2,PPG,17943
42255321060000,PI,8.7,PPG,3771
42255321060000,PI,8.9,PPG,3818
42255321060000,PI,13,PPG,11305
42255321060000,PI,13.4,PPG,15007
42255321070000,PI,8.4,PPG,8896
42255321070000,PI,12.6,PPG,10351
42255321070000,PI,13,PPG,14477
42255321110000,PI,10.5,PPG,11650
42255321160000,PI,8.4,PPG,4480
42255321160000,PI,10.7,PPG,10975
42255321160000,PI,10.9,PPG,15689
42255321190000,PI,8.8,PPG,5931
42255321190000,PI,11.1,PPG,10830
42255321190000,PI,11.1,PPG,15508
42255321230100,PI,11.8,PPG,18578
42255321260000,PI,8.6,PPG,4607
42255321260000,PI,11,PPG,15741
42255321340000,PI,9,PPG,4615
42255321340000,PI,10.9,PPG,10281
42255321340000,PI,11,PPG,15107
42255321340000,PI,11.5,PPG,16165
42255321360000,PI,9,PPG,4615
42255321360000,PI,10.6,PPG,9684
42255321360000,PI,11.4,PPG,12563
42255321360000,PI,11.4,PPG,16359
42255321380000,PI,10.8,PPG,13410
42255321380000,PI,11,PPG,15612
42255321440000,PI,10.8,PPG,8520
42255321440000,PI,10.9,PPG,14210
42255321440000,PI,11.4,PPG,15370
42255321450000,PI,9,PPG,3240
42255321450000,PI,10.8,PPG,9762
42255321450000,PI,10.9,PPG,13956
42255321450000,PI,10.9,PPG,15280
42255321590000,PI,10.7,PPG,8931
42255321590000,PI,10.9,PPG,14391
42255321620000,PI,11.2,PPG,5872
42255321620000,PI,10.8,PPG,13320
42255321620000,PI,10.9,PPG,14326
42255321640000,PI,10.3,PPG,11368
42255321720000,PI,9.4,PPG,4730
42255321720000,PI,11,PPG,14495
42255321720000,PI,11,PPG,16718
42255321870000,PI,10.7,PPG,9231
42255321870000,PI,11,PPG,11865
42255321870000,PI,11.4,PPG,16260
42255321900000,PI,8.6,PPG,4480
42255321900000,PI,10.3,PPG,10507
42255321900000,PI,11.7,PPG,13352
42255321900000,PI,11.8,PPG,16214
42255321940000,PI,10,PPG,10780
42255321940000,PI,11.1,PPG,13500
42255321950000,PI,8.6,PPG,2039
42255321950000,PI,10.7,PPG,9295
42255321950000,PI,10.8,PPG,11007
42255321950000,PI,11,PPG,13609
42255322060000,PI,11.2,PPG,7948
42255322060000,PI,10.5,PPG,11850
42255322060000,PI,11.2,PPG,12556
42255322060000,PI,11.2,PPG,14360
42255322060000,PI,11.3,PPG,16272
42255322060000,PI,11.7,PPG,17115
42255322060000,PI,11.8,PPG,17294
42255322170100,PI,10.7,PPG,6093
42255322170100,PI,11,PPG,13305
42255322170100,PI,10.8,PPG,13610
42255322170100,PI,11.9,PPG,16763
42255322380000,PI,11.3,PPG,7100
42255322380000,PI,10.9,PPG,11708
42255322380000,PI,10.9,PPG,15389
42255322610000,PI,9.1,PPG,3811
42255322610000,PI,10.7,PPG,9419
42255322610000,PI,11.4,PPG,15157
42255322610000,PI,11.7,PPG,15456
42255322620000,PI,10.5,PPG,5658
42255322620000,PI,10.9,PPG,12795
42255322620000,PI,11.2,PPG,15781
42255322730000,PI,9.5,PPG,6993
42255322730000,PI,11.9,PPG,13481
42255322730000,PI,12.8,PPG,18111
42255322740000,PI,8.8,PPG,4025
42255322740000,PI,10.8,PPG,12173
42255322740000,PI,11.4,PPG,17747
42255322740000,PI,11.7,PPG,18259
42255322750000,PI,8.9,PPG,4010
42255322750000,PI,11,PPG,12435
42255322750000,PI,11.8,PPG,16500
42255322780000,PI,10.5,PPG,4430
42255322780000,PI,11.2,PPG,13349
42255322780000,PI,11.6,PPG,16809
42255322880000,PI,8.3,PPG,5767
42255322880000,PI,10.5,PPG,11213
42255322880000,PI,10.8,PPG,17170
42255322890000,PI,8.9,PPG,4062
42255322890000,PI,10.1,PPG,11936
42255322890000,PI,11,PPG,16530
42255322920000,PI,11.5,PPG,4065
42255322920000,PI,10.1,PPG,12206
42255322920000,PI,11.4,PPG,17062
42255322920000,PI,11.5,PPG,17399
42255322940000,PI,10.5,PPG,7972
42255322940000,PI,10.8,PPG,11494
42255322940000,PI,11.9,PPG,15179
42255322950000,PI,9.1,PPG,4018
42255322950000,PI,10.8,PPG,13389
42255322950000,PI,11.5,PPG,16690
42255322970000,PI,10.7,PPG,9838
42255322970000,PI,10.8,PPG,14350
42255322980000,PI,8.9,PPG,3197
42255322980000,PI,10.7,PPG,11621
42255322980000,PI,10.7,PPG,13846
42255322980000,PI,10.9,PPG,17285
42255323020000,PI,9.1,PPG,4890
42255323020000,PI,10.5,PPG,10272
42255323020000,PI,10.9,PPG,12566
42255323020000,PI,11.3,PPG,13470
42255323020000,PI,11,PPG,15410
42255323090000,PI,10.7,PPG,11066
42255323120000,PI,10.8,PPG,9171
42255323120000,PI,10.9,PPG,12629
42255323120000,PI,11.1,PPG,15187
42255323130000,PI,8.5,PPG,4800
42255323130000,PI,11.1,PPG,10001
42255323130000,PI,11.5,PPG,15046
42255323190000,PI,9.2,PPG,5220
42255323190000,PI,10.7,PPG,10512
42255323190000,PI,11.2,PPG,16747
42255323210000,PI,9.7,PPG,4898
42255323210000,PI,11.2,PPG,11005
42255323220000,PI,9.1,PPG,5200
42255323220000,PI,10.5,PPG,10430
42255323250000,PI,9,PPG,5235
42255323250000,PI,10.5,PPG,6751
42255323250000,PI,10.9,PPG,11730
42255323250000,PI,10.9,PPG,16426
42255323480000,PI,10.7,PPG,12793
42255323480000,PI,11.2,PPG,15082
42255323580000,PI,8.7,PPG,4355
42255323580000,PI,10.6,PPG,11099
42255323580000,PI,11.3,PPG,15176
42255324010100,PI,10.2,PPG,14578
42255324040100,PI,9.2,PPG,4160
42255324040100,PI,11,PPG,8800
42255324040100,PI,11.5,PPG,14018
42255324040100,PI,11.5,PPG,16500
42255324140000,PI,8.4,PPG,3576
42255324140000,PI,10.8,PPG,11484
42255324140000,PI,11.1,PPG,16744
42255324200000,PI,9.3,PPG,7398
42255324200000,PI,11.4,PPG,12515
42255324500000,PI,10.2,PPG,14548
42255324500000,PI,10.2,PPG,15808
42255324540000,PI,8.9,PPG,3538
42255324540000,PI,10.8,PPG,16255
42255324560100,PI,11.3,PPG,17084
42255324580000,PI,8.3,PPG,1286
42255324580000,PI,10.7,PPG,11100
42255324580000,PI,11,PPG,16873
42255324620000,PI,9.2,PPG,5882
42255324620000,PI,11,PPG,11314
42255324620000,PI,11.5,PPG,17711
42255324700000,PI,8.7,PPG,3525
42255324700000,PI,10.8,PPG,11701
42255324700000,PI,11.2,PPG,16127
42255324700000,PI,10.9,PPG,17160
42255324730000,PI,8.4,PPG,3801
42255324730000,PI,10.5,PPG,11775
42255324740000,PI,8.5,PPG,3133
42255324740000,PI,10.3,PPG,10262
42255324740000,PI,10.7,PPG,14463
42255324740000,PI,10.9,PPG,17177
42255324750000,PI,8.3,PPG,899
42255324750000,PI,10.6,PPG,9356
42255324750000,PI,11.2,PPG,16796
42255324760000,PI,9,PPG,4530
42255324760000,PI,10.7,PPG,13810
42255324760000,PI,10.6,PPG,15951
42255324770000,PI,10.5,PPG,4919
42255324770000,PI,11.2,PPG,12922
42255324770000,PI,11.5,PPG,14965
42255324780000,PI,8.4,PPG,2141
42255324780000,PI,11.2,PPG,16770
42255324790000,PI,9,PPG,4880
42255324790000,PI,10.5,PPG,11215
42255324790000,PI,11.2,PPG,15418
42255324840000,PI,10.5,PPG,11600
42255324840000,PI,11.1,PPG,16942
42255324850000,PI,8.5,PPG,4005
42255324850000,PI,10.6,PPG,12883
42255324850000,PI,11.1,PPG,17216
42255324860000,PI,10.2,PPG,9489
42255324860000,PI,11,PPG,12391
42255324860000,PI,11.1,PPG,14682
42255324910000,PI,9.5,PPG,4075
42255324910000,PI,10.8,PPG,12290
42255324910000,PI,11.3,PPG,16786
42255324920000,PI,9.4,PPG,4804
42255324920000,PI,10.9,PPG,13200
42255324920000,PI,14.2,PPG,14917
42255324930000,PI,9.2,PPG,4815
42255324930000,PI,10.7,PPG,4918
42255324930000,PI,11.7,PPG,15466
42255324940000,PI,9.3,PPG,4819
42255324940000,PI,10.5,PPG,5870
42255324940000,PI,11.6,PPG,15260
42255324980000,PI,10.8,PPG,11943
42255325020000,PI,8.4,PPG,2564
42255325020000,PI,10.6,PPG,12505
42255325020000,PI,10.8,PPG,17749
42255325080000,PI,8.4,PPG,3693
42255325080000,PI,10.9,PPG,4421
42255325080000,PI,10.8,PPG,13722
42255325080000,PI,10.8,PPG,14757
42255325110000,PI,9,PPG,4034
42255325110000,PI,10.7,PPG,12098
42255325110000,PI,11.1,PPG,13144
42255325110000,PI,12.1,PPG,16485
42255325130000,PI,9.3,PPG,8337
42255325130000,PI,11.5,PPG,15117
42255325130000,PI,11.6,PPG,17669
42255325140000,PI,8.3,PPG,483
42255325140000,PI,10.5,PPG,12055
42255325140000,PI,11.4,PPG,15915
42255325160000,PI,8.5,PPG,4055
42255325160000,PI,10.8,PPG,11655
42255325210000,PI,8.3,PPG,4099
42255325210000,PI,10.8,PPG,13850
42255325210000,PI,11.3,PPG,17190
42255325220000,PI,8.5,PPG,1465
42255325220000,PI,11.1,PPG,9252
42255325220000,PI,11,PPG,14360
42255325220000,PI,11.6,PPG,15770
42255325230000,PI,8.8,PPG,5338
42255325230000,PI,10.9,PPG,12662
42255325230000,PI,11.2,PPG,15936
42255325240000,PI,9.3,PPG,4015
42255325240000,PI,10.8,PPG,14319
42255325240000,PI,11,PPG,15617
42255325250000,PI,11.9,PPG,4525
42255325250000,PI,10.6,PPG,9316
42255325250000,PI,10.7,PPG,14456
42255325260000,PI,8.8,PPG,4005
42255325260000,PI,10.5,PPG,11763
42255325260000,PI,10.9,PPG,16447
42255325260000,PI,11.1,PPG,17643
42255325680000,PI,8.5,PPG,751
42255325680000,PI,10.5,PPG,9377
42255325680000,PI,10.8,PPG,15551
42255325730000,PI,10.5,PPG,9606
42255325730000,PI,10.8,PPG,15363
42255325740000,PI,10.1,PPG,4036
42255325740000,PI,10.2,PPG,13238
42255325740000,PI,11.8,PPG,17445
42255325760000,PI,9.4,PPG,4010
42255325760000,PI,9.8,PPG,9003
42255325760000,PI,11.2,PPG,17021
42255325770000,PI,8.6,PPG,4560
42255325770000,PI,9.4,PPG,5340
42255325770000,PI,10.9,PPG,10669
42255325770000,PI,11.2,PPG,16036
42255325770000,PI,11.5,PPG,17325
42255325850000,PI,8.7,PPG,4529
42255325850000,PI,11.7,PPG,14925
42255325870000,PI,11.7,PPG,14819
42255326070000,PI,9.2,PPG,3520
42255326070000,PI,11.6,PPG,15695
42255326090000,PI,10.5,PPG,10930
42255326090000,PI,11,PPG,16053
42255326100000,PI,8.9,PPG,3540
42255326100000,PI,11,PPG,16171
42255326110000,PI,9,PPG,4657
42255326110000,PI,9.5,PPG,7400
42255326110000,PI,11.2,PPG,13835
42255326110000,PI,11.6,PPG,17225
42255326150000,PI,8.8,PPG,3538
42255326150000,PI,10.8,PPG,11759
42255326150000,PI,10.8,PPG,16040
42255326260000,PI,9.1,PPG,4070
42255326260000,PI,10.8,PPG,12966
42255326260000,PI,11.2,PPG,17183
42255326330000,PI,9,PPG,4020
42255326330000,PI,11,PPG,12919
42255326330000,PI,11.3,PPG,15164
42255326330000,PI,11.5,PPG,17233
42283321840000,PI,10.6,PPG,10100
42283321910100,PI,11.8,PPG,11438
42283321910100,PI,12.5,PPG,13178
42283321930000,PI,9.3,PPG,1849
42283321930000,PI,12.2,PPG,10685
42283321980000,PI,9.1,PPG,4150
42283321980000,PI,11.8,PPG,11322
42283322000000,PI,9.8,PPG,7607
42283322000000,PI,11.9,PPG,11789
42283322010000,PI,9.2,PPG,4195
42283322030000,PI,10.7,PPG,8892
42283322040000,PI,11.8,PPG,14433
42283322060000,PI,12.2,PPG,11980
42283322060000,PI,12.3,PPG,16020
42283322090000,PI,9.3,PPG,4250
42283322090000,PI,12.5,PPG,12052
42283322130000,PI,10.9,PPG,7812
42283322130000,PI,12.2,PPG,15780
42283322140000,PI,11.4,PPG,10060
42283322200000,PI,11.4,PPG,10330
42283322200000,PI,12.4,PPG,15968
42283322260000,PI,12,PPG,15172
42283322290000,PI,11,PPG,10566
42283322290000,PI,12.5,PPG,12455
42283322310000,PI,11.5,PPG,10734
42283322310000,PI,12,PPG,11026
42283322310000,PI,12.2,PPG,11058
42283322310000,PI,13.2,PPG,17748
42283322320000,PI,12.3,PPG,12690
42283322380000,PI,12,PPG,10400
42283322380000,PI,12.4,PPG,14766
42283322390000,PI,12.3,PPG,11128
42283322400000,PI,11,PPG,4100
42283322400000,PI,12.4,PPG,16760
42283322480000,PI,12.4,PPG,16941
42283322490000,PI,12.4,PPG,16340
42283322550000,PI,12,PPG,11850
42283322550000,PI,13,PPG,18380
42283322640000,PI,10.7,PPG,9054
42283322720000,PI,12.2,PPG,10950
42283322760000,PI,12.2,PPG,15120
42283322760000,PI,12.6,PPG,17738
42283322790000,PI,10.5,PPG,8075
42283322790000,PI,10.6,PPG,11632
42283322800000,PI,10.7,PPG,3738
42283322810000,PI,11.5,PPG,10189
42283322850000,PI,12.7,PPG,16182
42283322980000,PI,11.5,PPG,10870
42283323160000,PI,12.3,PPG,14046
42283323160000,PI,12.5,PPG,18189
42283323660000,PI,10.5,PPG,9330
42283323670000,PI,10.8,PPG,7900
42283323720000,PI,12.2,PPG,10311
42283323720000,PI,12.2,PPG,16803
42283323890000,PI,12.2,PPG,16152
42283324050000,PI,11.1,PPG,4200
42283324050000,PI,12,PPG,10200
42283324050000,PI,12.3,PPG,17598
42283324120000,PI,11.6,PPG,10200
42283324220000,PI,9.6,PPG,4263
42283324220000,PI,12,PPG,10334
42283324240000,PI,12.2,PPG,10305
42283324240000,PI,12.4,PPG,11421
42283324280000,PI,10.3,PPG,8650
42283324290000,PI,12.6,PPG,14642
42283324430000,PI,12.3,PPG,14701
42283324430000,PI,12.4,PPG,16485
42283324440000,PI,12.2,PPG,16249
42283325860000,PI,12,PPG,10475
42283325860000,PI,12.3,PPG,16201
42283326050000,PI,12.2,PPG,17039
42283326080000,PI,12.6,PPG,15128
42283326170000,PI,12.6,PPG,15410
42283326400000,PI,11.4,PPG,10682
42283326430000,PI,11.8,PPG,9550
42283326480000,PI,10.6,PPG,16017
42283326520000,PI,11.6,PPG,10200
42283326520000,PI,11.8,PPG,14853
42283326570000,PI,11.5,PPG,7854
42283326570000,PI,11.9,PPG,12655
42283326570000,PI,11.9,PPG,15527
42283326630000,PI,11.2,PPG,10191
42283326840000,PI,13.5,PPG,17513
42283326990000,PI,11.1,PPG,10085
42283327070000,PI,12.1,PPG,14842
42283327080000,PI,12.3,PPG,14762
42283327120000,PI,11.8,PPG,10200
42283327130000,PI,11.6,PPG,9997
42283327390000,PI,10.9,PPG,8959
42283328140000,PI,11.5,PPG,9150
42283328390000,PI,11,PPG,9794
42283328430000,PI,11.4,PPG,9700
42283328500000,PI,11.6,PPG,10250
42283328710000,PI,9.7,PPG,5166
42283328800000,PI,12.2,PPG,14920
42283328930000,PI,8.8,PPG,3428
42283328940000,PI,11.6,PPG,9688
42283329030000,PI,11.6,PPG,9900
42283329590000,PI,11,PPG,9981
42283329630000,PI,10.7,PPG,8191
42283329970000,PI,11.3,PPG,10135
42283330580000,PI,11.4,PPG,8896
42283330820000,PI,11.1,PPG,10006
42283331900000,PI,9.2,PPG,5155
42283331970000,PI,10.5,PPG,8409
42283332640000,PI,12.6,PPG,15491
42283332990000,PI,13,PPG,15731
42283333070000,PI,12.7,PPG,13679
42283333080000,PI,12.1,PPG,14240
42283333110000,PI,12.2,PPG,16186
42283333180000,PI,12.4,PPG,12560
42283333180000,PI,12.8,PPG,16273
42283333560000,PI,12,PPG,12603
42283333650000,PI,11,PPG,10200
42283333880000,PI,13,PPG,16310
42283334120000,PI,8.4,PPG,13032
42283334200000,PI,12,PPG,17315
42283334210000,PI,11.9,PPG,17204
42283334220000,PI,11,PPG,12844
42283334220000,PI,11.9,PPG,17198
42283334700000,PI,11.2,PPG,9647
42283334700000,PI,12.9,PPG,17447
42283335040100,PI,9.5,PPG,2945
42283335040100,PI,12.5,PPG,13236
42283335040100,PI,12.8,PPG,15200
42283335410000,PI,11.4,PPG,5010
42283335530000,PI,11.7,PPG,12357
42283335690000,PI,10.8,PPG,8330
42283335690000,PI,15,PPG,17660
42285335980000,PI,11.5,PPG,12937
42297348460000,PI,10.4,PPG,3659
42297348460000,PI,10.8,PPG,9350
42297348460000,PI,12.6,PPG,15941
42297348490000,PI,11.5,PPG,12850
42297348490000,PI,12.6,PPG,17370
42297348710000,PI,11.2,PPG,14389
42297348710000,PI,11.7,PPG,15650
42297348850000,PI,10.6,PPG,12110
42297348940100,PI,11.6,PPG,12990
42297348940100,PI,12.4,PPG,15908
42297349180000,PI,10.5,PPG,10130
42297349400000,PI,10.5,PPG,7272
42297349400000,PI,10.9,PPG,10922
42297349400000,PI,11.9,PPG,16755
42297349440000,PI,10.5,PPG,7950
42297349440000,PI,11.5,PPG,16100
42297349440000,PI,11.5,PPG,16336
42297349450000,PI,10.3,PPG,10560
42297349480000,PI,9.3,PPG,5740
42297349480000,PI,12,PPG,15620
42297349480000,PI,12,PPG,15827
42297349540000,PI,12,PPG,14718
42297349540000,PI,12.4,PPG,17650
42297349580100,PI,10.5,PPG,7220
42297349580100,PI,12.8,PPG,16521
42297349710000,PI,13,PPG,16100
42297349910000,PI,12.5,PPG,12511
42297349910000,PI,12.9,PPG,18160
42297350120000,PI,11.8,PPG,11215
42297350140000,PI,11.5,PPG,10735
42297350200000,PI,9.7,PPG,5973
42297350200000,PI,12.1,PPG,13741
42297350400000,PI,10,PPG,8150
42297350620000,PI,10.8,PPG,8360
42297351130000,PI,10,PPG,8475
42297351250000,PI,9,PPG,6128
42311341370000,PI,12,PPG,12199
42311341420000,PI,11.2,PPG,11362
42311341530000,PI,12.4,PPG,14719
42311341530000,PI,12.7,PPG,15473
42311341720100,PI,12.3,PPG,12103
42311341770000,PI,10.5,PPG,5710
42311341770000,PI,15.6,PPG,17093
42311341770000,PI,15.6,PPG,19049
42311341870000,PI,12.4,PPG,12729
42311341990000,PI,12,PPG,10838
42311341990000,PI,13.9,PPG,16676
42311342010000,PI,14,PPG,12638
42311342010000,PI,14,PPG,13391
42311342070100,PI,13,PPG,16098
42311342230000,PI,13.5,PPG,12617
42311342230000,PI,13.5,PPG,15688
42311342290000,PI,11.6,PPG,6056
42311342290000,PI,11.5,PPG,8453
42311342290000,PI,14.1,PPG,14150
42311342460000,PI,12.4,PPG,16501
42311342480000,PI,14.3,PPG,17766
42311342770000,PI,12.4,PPG,18010
42311343400000,PI,12.6,PPG,16125
42311344500000,PI,12,PPG,12207
42311344580000,PI,10.5,PPG,12100
42311344760000,PI,11.9,PPG,11870
42311345050000,PI,12.1,PPG,11152
42311345120000,PI,8.4,PPG,3343
42311345120000,PI,13.5,PPG,14648
42311345120000,PI,14,PPG,18939
42311345140000,PI,11.2,PPG,8786
42311345140000,PI,12,PPG,12165
42311345250000,PI,11.8,PPG,10500
42311345250000,PI,13.5,PPG,12816
42311345320000,PI,11.3,PPG,11130
42311345340000,PI,11.7,PPG,10357
42311345340000,PI,12.2,PPG,11528
42311345380000,PI,11,PPG,8530
42311345480000,PI,9.3,PPG,5200
42311345480000,PI,11.4,PPG,11550
42311345480000,PI,12.4,PPG,13367
42311345700000,PI,11.3,PPG,10400
42311346000000,PI,11.7,PPG,16053
42311346430000,PI,11.8,PPG,11656
42311346510000,PI,11.3,PPG,10200
42311346590000,PI,13.4,PPG,11873
42311346650000,PI,11.2,PPG,12580
42311346670000,PI,11.6,PPG,11250
42311346740000,PI,11.8,PPG,10556
42311346750000,PI,11.5,PPG,11500
42311346880000,PI,12,PPG,16062
42311346890000,PI,11.6,PPG,11646
42311346910000,PI,11.4,PPG,11636
42311346940000,PI,11.4,PPG,10216
42311346960000,PI,12.5,PPG,17555
42311347060000,PI,11.4,PPG,11100
42311347350000,PI,11.5,PPG,11750
42311347470000,PI,11.4,PPG,11100
42311347540000,PI,12.1,PPG,17155
42311347740000,PI,11.2,PPG,10477
42311347750000,PI,9.3,PPG,5625
42311347750000,PI,11.5,PPG,10930
42311347810000,PI,16.2,PPG,15635
42311347810000,PI,16,PPG,16692
42311347840000,PI,11,PPG,10900
42311347850000,PI,11.8,PPG,11200
42311348030000,PI,11.7,PPG,11550
42311348220000,PI,9.3,PPG,5715
42311348220000,PI,11.6,PPG,11450
42311348320000,PI,11.8,PPG,11010
42311348340000,PI,11.2,PPG,10798
42311348350000,PI,12,PPG,11100
42311348650000,PI,11.3,PPG,12100
42311348690000,PI,11.7,PPG,11100
42311348910000,PI,11,PPG,10950
42311348950000,PI,11.2,PPG,11900
42311348960000,PI,11,PPG,11500
42311348990000,PI,9.3,PPG,6900
42311349010000,PI,11.8,PPG,10800
42311349090000,PI,11.7,PPG,11464
42311349150000,PI,11.2,PPG,12000
42311349170000,PI,9.6,PPG,5785
42311349220000,PI,11,PPG,9650
42311349270000,PI,11.1,PPG,11200
42311349480000,PI,11.7,PPG,11200
42311349780000,PI,11.4,PPG,11484
42311349850000,PI,9.9,PPG,6850
42311350000000,PI,11,PPG,11000
42311350170000,PI,12.3,PPG,17109
42311350540000,PI,11.2,PPG,5965
42311350540000,PI,13,PPG,15400
42311350540000,PI,14.4,PPG,19175
42311350550000,PI,14.9,PPG,19153
42311350960000,PI,12.1,PPG,18660
42311351020000,PI,13,PPG,18760
42311351040000,PI,8.5,PPG,5280
42311351040000,PI,11.8,PPG,10900
42311351040000,PI,12.8,PPG,17859
42311351040000,PI,12.8,PPG,18804
42311351050000,PI,13.8,PPG,16970
42311351050000,PI,13.7,PPG,18599
42311351180000,PI,12,PPG,17270
42311351200000,PI,11.8,PPG,19040
42311351330000,PI,11.7,PPG,10440
42311351330000,PI,15.6,PPG,14170
42311351330000,PI,15.1,PPG,14380
42311351330000,PI,15.9,PPG,17775
42311351340000,PI,14.4,PPG,19033
42311351560000,PI,12.1,PPG,11000
42311351560000,PI,15.1,PPG,17010
42323329290000,PI,9,PPG,1875
42323329290000,PI,10,PPG,6255
42323330850000,PI,9.7,PPG,3942
42323333620000,PI,9.1,PPG,1705
42323333620000,PI,10.3,PPG,2250
42323333620000,PI,10.5,PPG,3393
42323333620000,PI,10.4,PPG,3539
42323333620000,PI,10.3,PPG,3836
42323333620000,PI,10.3,PPG,3921
42323333620000,PI,10.4,PPG,3921
42323333620000,PI,10.4,PPG,3965
42323333620000,PI,10.4,PPG,4954
42323333620000,PI,10.3,PPG,5068
42323333620000,PI,10.4,PPG,6284
42323333620000,PI,10.4,PPG,7690
42323333620000,PI,10.4,PPG,9040
42323333620000,PI,10.4,PPG,9948
42323334120000,PI,11.1,PPG,5030
42331338650000,PI,10.3,PPG,6652
42479406730000,PI,13.4,PPG,14765
42479409820000,PI,11.3,PPG,8860
42479410310000,PI,10.5,PPG,7620
42479410610100,PI,8.3,PPG,115
42479410610100,PI,8.5,PPG,2320
42479410610100,PI,10,PPG,3510
42479410610100,PI,10,PPG,3900
42479410610100,PI,10,PPG,7071
42479410610100,PI,10.4,PPG,8500
42479410610100,PI,10.5,PPG,9280
42479410610100,PI,10.7,PPG,12800
42479410610100,PI,10.8,PPG,14200
42479410610100,PI,11.2,PPG,14676
42479410780000,PI,11.1,PPG,7500
42479411260000,PI,11,PPG,7470
42479411280000,PI,12.8,PPG,6655
42479411430100,PI,10.6,PPG,8620
42479411430100,PI,10.6,PPG,9350
42479411430100,PI,10.7,PPG,9700
42479411430100,PI,10.5,PPG,9950
42479411430100,PI,10.6,PPG,10700
42479411430100,PI,22,PPG,11900
42479411430100,PI,10.6,PPG,13079
42479411430100,PI,10.6,PPG,14182
42479411430100,PI,11,PPG,14350
42479411440100,PI,12,PPG,7147
42479411440100,PI,10.2,PPG,8000
42479411440100,PI,10.2,PPG,8800
42479411440100,PI,10.3,PPG,10140
42479411440100,PI,10.3,PPG,11650
42479411440100,PI,10.3,PPG,13040
42479411440100,PI,10.5,PPG,14164
42479411560000,PI,11.9,PPG,3660
42479411700000,PI,9.9,PPG,2520
42479411700000,PI,11,PPG,8345
42479411700000,PI,11.9,PPG,13512
42479411700000,PI,11.7,PPG,15535
42479411850000,PI,10.5,PPG,8700
42479412010000,PI,10.5,PPG,6800
42479412050000,PI,12.9,PPG,11796
42479412160100,PI,10.3,PPG,8100
42479412160100,PI,10.3,PPG,8550
42479412160100,PI,10.3,PPG,8614
42479412160100,PI,10.3,PPG,10714
42479412160100,PI,10.3,PPG,11028
42479412160100,PI,10.3,PPG,11903
42479412160100,PI,10.3,PPG,12873
42479412160100,PI,10.3,PPG,13150
42479412160100,PI,10.3,PPG,13357
42479412160100,PI,10.3,PPG,13708
42479412160100,PI,10.3,PPG,14125
42479412180000,PI,10,PPG,12374
42479412340000,PI,8.9,PPG,3152
42479412340000,PI,8.9,PPG,3500
42479412340000,PI,10.4,PPG,9155
42479412480000,PI,12,PPG,8731
42479412490000,PI,9.4,PPG,6106
42479412510000,PI,10,PPG,3500
42479412510000,PI,10.3,PPG,4343
42479412510000,PI,10.6,PPG,8260
42479412510000,PI,10.6,PPG,8760
42479412510000,PI,10.9,PPG,10400
42479412510000,PI,10.8,PPG,11670
42479412510000,PI,11.4,PPG,12410
42479412510000,PI,11.5,PPG,12660
42479412510000,PI,11.5,PPG,14320
42479412510000,PI,11.5,PPG,15300
42479412630000,PI,11.2,PPG,7000
42479412650000,PI,10.2,PPG,6880
42479412700000,PI,9,PPG,2100
42479412700000,PI,9,PPG,3485
42479412700000,PI,11.2,PPG,5948
42479412700000,PI,11.2,PPG,8028
42479412700000,PI,11.2,PPG,8972
42479412700000,PI,11.2,PPG,9736
42479412700000,PI,11.2,PPG,10085
42479412700000,PI,12,PPG,10426
42479412700000,PI,12,PPG,11071
42479412700000,PI,12,PPG,12118
42479412700000,PI,12,PPG,13341
42479412700000,PI,12,PPG,14316
42479412700000,PI,12.4,PPG,15110
42479412740000,PI,12.1,PPG,11542
42479412760000,PI,8.3,PPG,120
42479412760000,PI,9.5,PPG,2500
42479412760000,PI,9.8,PPG,3495
42479412760000,PI,10.6,PPG,3594
42479412760000,PI,10.6,PPG,6339
42479412760000,PI,10.6,PPG,8550
42479412760000,PI,10.9,PPG,9173
42479412760000,PI,11,PPG,9664
42479412760000,PI,11,PPG,9682
42479412760000,PI,11,PPG,9756
42479412760000,PI,12.3,PPG,9900
42479412760000,PI,11.8,PPG,10131
42479412760000,PI,11.8,PPG,10860
42479412760000,PI,12,PPG,11104
42479412760000,PI,11.9,PPG,12133
42479412760000,PI,12.2,PPG,12691
42479412760000,PI,11.9,PPG,13464
42479412760000,PI,11.9,PPG,14147
42479412760000,PI,11.9,PPG,14603
42479412760000,PI,11.9,PPG,15220
42479412810000,PI,8,PPG,985
42479412810000,PI,8.8,PPG,1415
42479412810000,PI,8.8,PPG,2043
42479412810000,PI,8.6,PPG,2807
42479412810000,PI,9.2,PPG,3275
42479412810000,PI,9.2,PPG,3510
42479412810000,PI,9.2,PPG,3640
42479412810000,PI,9.2,PPG,5923
42479412810000,PI,9.2,PPG,7492
42479412810000,PI,10.5,PPG,7700
42479412810000,PI,10.5,PPG,7900
42479412810000,PI,10.5,PPG,8130
42479412810000,PI,10.5,PPG,8311
42479412810000,PI,10.5,PPG,8637
42479412810000,PI,10.5,PPG,10800
42479412810000,PI,10.5,PPG,11755
42479412810000,PI,10.8,PPG,11915
42479412810000,PI,11,PPG,13550
42479412810000,PI,11,PPG,13841
42479412820000,PI,11.2,PPG,14175
42479412820000,PI,11.6,PPG,14381
42479412850000,PI,8.3,PPG,2686
42479412850000,PI,11.1,PPG,3500
42479412850000,PI,11,PPG,5010
42479412850000,PI,11.1,PPG,6346
42479412850000,PI,11.4,PPG,7446
42479412850000,PI,11.5,PPG,7652
42479412850000,PI,11.5,PPG,8287
42479412850000,PI,11.5,PPG,11000
42479412850000,PI,11.5,PPG,13000
42479412850000,PI,12.2,PPG,13815
42479412860000,PI,10.4,PPG,3630
42479412860000,PI,10.4,PPG,7208
42479412860000,PI,10.5,PPG,7691
42479412860000,PI,11,PPG,8883
42479412860000,PI,11.6,PPG,14073
42479412890000,PI,10.8,PPG,7380
42479412970100,PI,10.5,PPG,8420
42479412970100,PI,10.7,PPG,9180
42479412970100,PI,10.7,PPG,10150
42479412970100,PI,10.7,PPG,12195
42479412970100,PI,10.7,PPG,13100
42479412970100,PI,10.7,PPG,14400
42479412970100,PI,10.8,PPG,14860
42479412990000,PI,12.2,PPG,8128
42479413070000,PI,11.6,PPG,12800
42479413370000,PI,10.5,PPG,8604
42479413380000,PI,10,PPG,8887
42479413410000,PI,10.6,PPG,4170
42479413410000,PI,10.5,PPG,6010
42479413410000,PI,10.7,PPG,8526
42479413410000,PI,11.2,PPG,10405
42479413410000,PI,11.2,PPG,12175
42479413410000,PI,11.2,PPG,13500
42479413410000,PI,11.4,PPG,14300
42479413410000,PI,12.5,PPG,14775
42479413420000,PI,11.3,PPG,3647
42479413420000,PI,11.3,PPG,4612
42479413420000,PI,11.3,PPG,4700
42479413420000,PI,11.3,PPG,7900
42479413420000,PI,11.3,PPG,8590
42479413420000,PI,11.3,PPG,9700
42479413420000,PI,11.8,PPG,11800
42479413420000,PI,11.8,PPG,13400
42479413420000,PI,11.8,PPG,14086
42479413430000,PI,9,PPG,1465
42479413430000,PI,8.5,PPG,3505
42479413430000,PI,11.1,PPG,4804
42479413430000,PI,11.1,PPG,6378
42479413430000,PI,11.1,PPG,8024
42479413430000,PI,11.2,PPG,8100
42479413430000,PI,11.2,PPG,8730
42479413430000,PI,11.2,PPG,10100
42479413430000,PI,11.2,PPG,11900
42479413430000,PI,11,PPG,13500
42479413430000,PI,11.2,PPG,13911
42479413440000,PI,9.3,PPG,3327
42479413440000,PI,9.9,PPG,3530
42479413440000,PI,11.1,PPG,4913
42479413440000,PI,11.1,PPG,7548
42479413440000,PI,11.1,PPG,8319
42479413440000,PI,11.1,PPG,9184
42479413440000,PI,11.9,PPG,10640
42479413440000,PI,11.9,PPG,12450
42479413440000,PI,11.9,PPG,13650
42479413460000,PI,8.3,PPG,167
42479413460000,PI,8.3,PPG,2699
42479413460000,PI,8.3,PPG,3500
42479413460000,PI,11.2,PPG,7610
42479413460000,PI,11.2,PPG,8187
42479413460000,PI,11.4,PPG,8894
42479413460000,PI,11.5,PPG,10038
42479413460000,PI,11.5,PPG,11701
42479413460000,PI,11.7,PPG,13378
42479413460000,PI,11.8,PPG,13519
42479413510000,PI,10.5,PPG,3820
42479413510000,PI,10.5,PPG,6320
42479413510000,PI,10.4,PPG,8100
42479413510000,PI,10.4,PPG,8660
42479413510000,PI,10.4,PPG,9074
42479413510000,PI,11,PPG,10041
42479413510000,PI,11,PPG,11172
42479413510000,PI,11,PPG,12121
42479413510000,PI,11,PPG,13611
42479413510000,PI,11,PPG,14714
42479413510000,PI,11,PPG,15991
42479413510000,PI,11,PPG,16579
42479413520000,PI,10.3,PPG,3542
42479413520000,PI,10.2,PPG,3573
42479413520000,PI,10.4,PPG,5253
42479413520000,PI,10.3,PPG,8920
42479413520000,PI,10.4,PPG,11125
42479413530000,PI,8.3,PPG,1728
42479413530000,PI,8.3,PPG,3555
42479413530000,PI,10.6,PPG,8500
42479413530000,PI,10.6,PPG,8671
42479413530000,PI,10.6,PPG,8881
42479413530000,PI,10.6,PPG,9076
42479413530000,PI,11.2,PPG,10033
42479413530000,PI,10.6,PPG,10056
42479413530000,PI,11.4,PPG,11500
42479413530000,PI,10.6,PPG,13109
42479413530000,PI,11.5,PPG,14040
42479413530000,PI,10.6,PPG,15185
42479413530000,PI,10.6,PPG,16830
42479413530000,PI,10.6,PPG,16885
42479413570000,PI,12,PPG,16728
42479413640000,PI,10.8,PPG,9407
42479413720000,PI,13.1,PPG,14880
42479413750000,PI,9,PPG,3500
42479413750000,PI,10.2,PPG,7191
42479413750000,PI,10.2,PPG,8593
42479414120000,PI,8.1,PPG,267
42479414120000,PI,8.6,PPG,3503
42479414120000,PI,11.1,PPG,3962
42479414120000,PI,11.2,PPG,4960
42479414120000,PI,11.2,PPG,6640
42479414120000,PI,11.1,PPG,8164
42479414120000,PI,11.2,PPG,8676
42479414120000,PI,11.8,PPG,9158
42479414120000,PI,11.8,PPG,9732
42479414120000,PI,11.8,PPG,10700
42479414120000,PI,11.8,PPG,12100
42479414120000,PI,11.8,PPG,13325
42479414120000,PI,11.9,PPG,14712
42479414130000,PI,10,PPG,3493
42479414130000,PI,11.7,PPG,6150
42479414130000,PI,11.7,PPG,8026
42479414130000,PI,11.7,PPG,8682
42479414130000,PI,11.7,PPG,9470
42479414130000,PI,11.7,PPG,11009
42479414130000,PI,11.7,PPG,12585
42479414130000,PI,11.7,PPG,14309
42479414140000,PI,11.4,PPG,3494
42479414140000,PI,11.4,PPG,3511
42479414140000,PI,11.4,PPG,4630
42479414140000,PI,11.4,PPG,6360
42479414140000,PI,11.7,PPG,8150
42479414140000,PI,11.7,PPG,8542
42479414140000,PI,11.7,PPG,9200
42479414140000,PI,11.7,PPG,9478
42479414140000,PI,11.7,PPG,10047
42479414140000,PI,11.7,PPG,11860
42479414140000,PI,11.7,PPG,13525
42479414140000,PI,11.7,PPG,14450
42479414190000,PI,8.3,PPG,1570
42479414190000,PI,11.7,PPG,3408
42479414190000,PI,11.8,PPG,6318
42479414190000,PI,11.7,PPG,8270
42479414190000,PI,11.7,PPG,8500
42479414190000,PI,11.7,PPG,8816
42479414190000,PI,11.7,PPG,9560
42479414190000,PI,11.7,PPG,9702
42479414190000,PI,11.7,PPG,11406
42479414190000,PI,11.7,PPG,12632
42479414190000,PI,11.8,PPG,12737
42479414190000,PI,11.8,PPG,12832
42479414190000,PI,11.7,PPG,14493
42479414190000,PI,11.7,PPG,14700
42479414480000,PI,8.4,PPG,3045
42479414480000,PI,8.4,PPG,3510
42479414480000,PI,11.2,PPG,3700
42479414480000,PI,11.1,PPG,5960
42479414480000,PI,11,PPG,7100
42479414480000,PI,11,PPG,8848
42479414480000,PI,11,PPG,9325
42479414480000,PI,11,PPG,9745
42479414480000,PI,11,PPG,10260
42479414480000,PI,11,PPG,10800
42479414480000,PI,11,PPG,11403
42479414480000,PI,11,PPG,12804
42479414480000,PI,11.1,PPG,13713
42479414480000,PI,11,PPG,14196
42479414480000,PI,11.8,PPG,15750
42479414490000,PI,11,PPG,3517
42479414490000,PI,11,PPG,3897
42479414490000,PI,11,PPG,6089
42479414490000,PI,11,PPG,7662
42479414490000,PI,11,PPG,8800
42479414490000,PI,11,PPG,9042
42479414490000,PI,11,PPG,9429
42479414490000,PI,11,PPG,9686
42479414490000,PI,11,PPG,10038
42479414490000,PI,11,PPG,10865
42479414490000,PI,11,PPG,11842
42479414490000,PI,11,PPG,12830
42479414490000,PI,11,PPG,13716
42479414490000,PI,11,PPG,14724
42479414490000,PI,11.8,PPG,15295
42479414500000,PI,10.4,PPG,3521
42479414500000,PI,10.8,PPG,3704
42479414500000,PI,10.8,PPG,6522
42479414500000,PI,10.8,PPG,8712
42479414500000,PI,10.8,PPG,9175
42479414500000,PI,11,PPG,9555
42479414500000,PI,11.2,PPG,9965
42479414500000,PI,11.3,PPG,10970
42479414500000,PI,11.2,PPG,12895
42479414500000,PI,11.4,PPG,14680
42479414500000,PI,11.9,PPG,14790
42479414510000,PI,10.7,PPG,3520
42479414510000,PI,11.1,PPG,4330
42479414510000,PI,10.8,PPG,6734
42479414510000,PI,11.1,PPG,7190
42479414510000,PI,11,PPG,8926
42479414510000,PI,10.8,PPG,8930
42479414510000,PI,11,PPG,9179
42479414510000,PI,10.8,PPG,9310
42479414510000,PI,11,PPG,9492
42479414510000,PI,10.9,PPG,9555
42479414510000,PI,10.8,PPG,10070
42479414510000,PI,10.8,PPG,11650
42479414510000,PI,10.8,PPG,13500
42479414510000,PI,10.8,PPG,14360
42479414510000,PI,11.6,PPG,15355
42479414520000,PI,8.4,PPG,897
42479414520000,PI,10,PPG,3202
42479414520000,PI,10,PPG,3503
42479414520000,PI,11.3,PPG,4015
42479414520000,PI,11.3,PPG,5774
42479414520000,PI,11.3,PPG,7205
42479414520000,PI,11.6,PPG,7921
42479414520000,PI,11.6,PPG,7930
42479414520000,PI,11.6,PPG,7980
42479414520000,PI,11.6,PPG,8900
42479414520000,PI,11.8,PPG,10400
42479414520000,PI,11.8,PPG,12000
42479414520000,PI,11.8,PPG,13287
42479414520000,PI,11.8,PPG,13790
42479414530000,PI,11.1,PPG,3497
42479414530000,PI,11.1,PPG,4600
42479414530000,PI,11.1,PPG,6692
42479414530000,PI,11.1,PPG,7777
42479414530000,PI,11.1,PPG,8411
42479414530000,PI,11.1,PPG,9204
42479414530000,PI,11.4,PPG,11257
42479414530000,PI,11.4,PPG,12663
42479414530000,PI,11.4,PPG,13735
42479414540000,PI,11.4,PPG,8290
42479414540000,PI,11.5,PPG,8902
42479414540000,PI,11.8,PPG,9446
42479414540000,PI,11.6,PPG,10465
42479414540000,PI,11.6,PPG,10469
42479414540000,PI,11.6,PPG,13187
42479414540000,PI,11.6,PPG,14110
42479414610000,PI,8.4,PPG,3411
42479414610000,PI,11.2,PPG,3507
42479414610000,PI,11.2,PPG,4774
42479414610000,PI,11.2,PPG,6399
42479414610000,PI,11.2,PPG,8215
42479414610000,PI,11.2,PPG,8731
42479414610000,PI,11.2,PPG,9369
42479414610000,PI,11.5,PPG,10886
42479414610000,PI,11.5,PPG,12423
42479414610000,PI,11.5,PPG,13957
42479414630000,PI,11.1,PPG,6835
42479414650000,PI,10.9,PPG,7613
42479414750000,PI,11.3,PPG,6836
42479414810000,PI,11.4,PPG,9030
42479415060000,PI,11.3,PPG,14179
42479415080000,PI,8.5,PPG,2348
42479415080000,PI,8.5,PPG,3482
42479415080000,PI,11,PPG,3504
42479415080000,PI,11.1,PPG,5045
42479415080000,PI,11.1,PPG,6362
42479415080000,PI,11.2,PPG,7785
42479415080000,PI,11.2,PPG,8238
42479415080000,PI,11.3,PPG,8823
42479415080000,PI,11.3,PPG,8939
42479415080000,PI,11.5,PPG,9500
42479415080000,PI,11.7,PPG,11054
42479415080000,PI,11.7,PPG,11400
42479415080000,PI,11.7,PPG,12400
42479415080000,PI,11.9,PPG,12500
42479415080000,PI,12.2,PPG,12503
42479415080000,PI,11.7,PPG,12842
42479415080000,PI,11.7,PPG,13073
42479415080000,PI,11.7,PPG,13746
42479415080000,PI,11.7,PPG,14113
42479415090200,PI,11.1,PPG,5784
42479415090200,PI,11,PPG,5800
42479415090200,PI,11.2,PPG,7800
42479415090200,PI,11.6,PPG,8400
42479415090200,PI,11.6,PPG,8650
42479415090200,PI,11.6,PPG,8965
42479415090200,PI,11.6,PPG,9225
42479415090200,PI,11.8,PPG,9372
42479415090200,PI,11.8,PPG,9442
42479415090200,PI,11.8,PPG,9746
42479415090200,PI,11.9,PPG,10998
42479415090200,PI,11.8,PPG,11636
42479415090200,PI,11.8,PPG,11846
42479415090200,PI,11.9,PPG,12682
42479415090200,PI,11.9,PPG,13912
42479415090200,PI,12,PPG,14750
42479415100000,PI,8.3,PPG,2076
42479415100000,PI,10.1,PPG,3518
42479415100000,PI,10.8,PPG,4200
42479415100000,PI,10.7,PPG,5400
42479415100000,PI,10.7,PPG,6100
42479415100000,PI,10.9,PPG,6550
42479415100000,PI,10.9,PPG,6710
42479415100000,PI,11,PPG,7949
42479415100000,PI,11.1,PPG,7999
42479415100000,PI,10.9,PPG,8000
42479415100000,PI,11.2,PPG,8465
42479415100000,PI,11.1,PPG,8674
42479415100000,PI,11.1,PPG,8934
42479415100000,PI,11,PPG,9151
42479415100000,PI,11.2,PPG,9186
42479415100000,PI,11.2,PPG,9465
42479415100000,PI,11.3,PPG,9466
42479415100000,PI,11.6,PPG,9620
42479415100000,PI,11.6,PPG,10900
42479415100000,PI,11.7,PPG,11641
42479415100000,PI,11.5,PPG,11964
42479415100000,PI,11.5,PPG,13546
42479415100000,PI,11.6,PPG,14300
42479415100000,PI,11.9,PPG,15020
42479415110000,PI,10.1,PPG,3050
42479415110000,PI,11,PPG,3453
42479415110000,PI,10.1,PPG,3495
42479415110000,PI,11,PPG,4600
42479415110000,PI,11,PPG,6300
42479415110000,PI,11.3,PPG,7900
42479415110000,PI,11.6,PPG,8575
42479415110000,PI,11.6,PPG,8881
42479415110000,PI,11.6,PPG,9012
42479415110000,PI,11.6,PPG,9109
42479415110000,PI,11.7,PPG,9338
42479415110000,PI,11.7,PPG,9707
42479415110000,PI,11.7,PPG,10904
42479415110000,PI,11.7,PPG,11482
42479415110000,PI,11.7,PPG,12450
42479415110000,PI,11.7,PPG,13600
42479415110000,PI,11.7,PPG,14596
42479415110000,PI,11.7,PPG,14700
42479415410000,PI,12.1,PPG,12471
42479415580000,PI,10.4,PPG,8150
42479415590000,PI,10.6,PPG,6709
42479415650000,PI,8.4,PPG,1297
42479415650000,PI,9.9,PPG,3503
42479415650000,PI,10.8,PPG,3508
42479415650000,PI,10.7,PPG,3700
42479415650000,PI,10.7,PPG,6950
42479415650000,PI,10.9,PPG,8890
42479415650000,PI,11.3,PPG,9515
42479415650000,PI,11.8,PPG,9740
42479415650000,PI,11.9,PPG,10970
42479415650000,PI,11.9,PPG,13377
42479415650000,PI,12.1,PPG,15238
42479415660000,PI,11.2,PPG,3491
42479415660000,PI,10.7,PPG,3730
42479415660000,PI,10.7,PPG,6670
42479415660000,PI,10.8,PPG,8851
42479415660000,PI,11.6,PPG,9251
42479415660000,PI,11.6,PPG,9422
42479415660000,PI,11.8,PPG,9850
42479415660000,PI,11.9,PPG,10470
42479415660000,PI,11.9,PPG,11110
42479415660000,PI,11.9,PPG,12263
42479415660000,PI,11.9,PPG,13903
42479415660000,PI,12.1,PPG,15329
42479415660000,PI,12,PPG,15342
42479415670000,PI,10.8,PPG,3490
42479415670000,PI,10.7,PPG,6649
42479415670000,PI,10.9,PPG,8880
42479415670000,PI,11.2,PPG,9404
42479415670000,PI,11.7,PPG,9725
42479415670000,PI,11.7,PPG,10110
42479415670000,PI,11.7,PPG,11900
42479415670000,PI,11.9,PPG,13796
42479415670000,PI,12.1,PPG,15210
42479415680000,PI,10.9,PPG,3516
42479415680000,PI,10.9,PPG,4335
42479415680000,PI,10.9,PPG,6543
42479415680000,PI,10.9,PPG,8900
42479415680000,PI,11.2,PPG,9406
42479415680000,PI,11.5,PPG,9710
42479415680000,PI,11.7,PPG,10310
42479415680000,PI,11.7,PPG,12351
42479415680000,PI,11.7,PPG,14312
42479415680000,PI,11.9,PPG,15230
42479415690000,PI,8.3,PPG,365
42479415690000,PI,8.9,PPG,2700
42479415690000,PI,8.9,PPG,3500
42479415690000,PI,10.7,PPG,6280
42479415690000,PI,10.8,PPG,8952
42479415690000,PI,11.6,PPG,9570
42479415690000,PI,11.6,PPG,9950
42479415690000,PI,11.6,PPG,10875
42479415690000,PI,11.6,PPG,12350
42479415690000,PI,11.9,PPG,15340
42479415700100,PI,11.6,PPG,10220
42479415700100,PI,11.9,PPG,10528
42479415700100,PI,11.6,PPG,11779
42479415700100,PI,11.6,PPG,13319
42479415700100,PI,11.9,PPG,14440
42479415700100,PI,11.6,PPG,15170
42479415720000,PI,10.2,PPG,3354
42479415720000,PI,10.1,PPG,3508
42479415720000,PI,10.9,PPG,4843
42479415720000,PI,10.8,PPG,7405
42479415720000,PI,11.1,PPG,9040
42479415720000,PI,11.3,PPG,9268
42479415720000,PI,11.3,PPG,9439
42479415720000,PI,11.4,PPG,9486
42479415720000,PI,11.3,PPG,9711
42479415720000,PI,11.5,PPG,10148
42479415720000,PI,11.5,PPG,11509
42479415720000,PI,11.6,PPG,13343
42479415720000,PI,12.1,PPG,14830
42479415720000,PI,12.1,PPG,15260
42479415760000,PI,8.4,PPG,630
42479415760000,PI,9,PPG,3515
42479415760000,PI,10.7,PPG,4660
42479415760000,PI,10.7,PPG,6140
42479415760000,PI,10.7,PPG,7896
42479415760000,PI,10.7,PPG,9252
42479415760000,PI,11.1,PPG,9725
42479415760000,PI,11,PPG,10207
42479415760000,PI,11.1,PPG,11649
42479415760000,PI,11.1,PPG,13360
42479415760000,PI,11.4,PPG,14840
42479415760000,PI,11.6,PPG,15395
42479415960000,PI,8.6,PPG,60
42479415960000,PI,8.6,PPG,300
42479415960000,PI,9.2,PPG,2486
42479415960000,PI,9.2,PPG,3045
42479415960000,PI,11.2,PPG,3250
42479415960000,PI,11.2,PPG,4227
42479415960000,PI,11.2,PPG,4860
42479415960000,PI,11.2,PPG,6550
42479415960000,PI,11.6,PPG,8350
42479415960000,PI,11.6,PPG,9046
42479415960000,PI,11.6,PPG,10500
42479415960000,PI,11.6,PPG,12500
42479415960000,PI,11.6,PPG,14151
42479415970000,PI,8.3,PPG,171
42479415970000,PI,8.9,PPG,300
42479415970000,PI,10,PPG,2480
42479415970000,PI,11.2,PPG,3040
42479415970000,PI,11.2,PPG,3585
42479415970000,PI,11.2,PPG,4913
42479415970000,PI,11.2,PPG,5773
42479415970000,PI,11.2,PPG,7913
42479415970000,PI,11.2,PPG,8400
42479415970000,PI,11.2,PPG,9150
42479415970000,PI,11.2,PPG,9550
42479415970000,PI,11.2,PPG,9860
42479415970000,PI,11.2,PPG,10400
42479415970000,PI,11.2,PPG,11803
42479415970000,PI,11.2,PPG,13023
42479415970000,PI,11.2,PPG,14091
42479415980000,PI,8.6,PPG,176
42479415980000,PI,8.7,PPG,496
42479415980000,PI,9.2,PPG,2581
42479415980000,PI,10,PPG,3515
42479415980000,PI,10,PPG,6040
42479415980000,PI,11.2,PPG,7395
42479415980000,PI,11.6,PPG,8103
42479415980000,PI,11.6,PPG,8176
42479415980000,PI,11.6,PPG,8888
42479415980000,PI,11.6,PPG,9840
42479415980000,PI,11.7,PPG,11387
42479415980000,PI,11.8,PPG,13054
42479415980000,PI,11.8,PPG,14162
42479415990000,PI,8.5,PPG,359
42479415990000,PI,9.1,PPG,2100
42479415990000,PI,9.3,PPG,3510
42479415990000,PI,9.2,PPG,3515
42479415990000,PI,11.1,PPG,3600
42479415990000,PI,11.1,PPG,6000
42479415990000,PI,11.2,PPG,6700
42479415990000,PI,11.2,PPG,8150
42479415990000,PI,11.2,PPG,8875
42479415990000,PI,11.2,PPG,9459
42479415990000,PI,11.2,PPG,9460
42479415990000,PI,11.2,PPG,10598
42479415990000,PI,11.2,PPG,11975
42479415990000,PI,11.2,PPG,12975
42479415990000,PI,11.2,PPG,13671
42479415990000,PI,11.2,PPG,14093
42479416000000,PI,9.1,PPG,1600
42479416000000,PI,11.3,PPG,3517
42479416000000,PI,9.1,PPG,3525
42479416000000,PI,11.2,PPG,5900
42479416000000,PI,11.4,PPG,8000
42479416000000,PI,11.6,PPG,8400
42479416000000,PI,11.6,PPG,8911
42479416000000,PI,11.6,PPG,10009
42479416000000,PI,11.6,PPG,11607
42479416000000,PI,11.8,PPG,13520
42479416000000,PI,11.8,PPG,14156
42479416030000,PI,8.8,PPG,2995
42479416030000,PI,8.8,PPG,4100
42479416030000,PI,8.8,PPG,5785
42479416030000,PI,10.5,PPG,6736
42479416030000,PI,10.5,PPG,7947
42479416030000,PI,10.5,PPG,8778
42479416030000,PI,10.5,PPG,9185
42479416030000,PI,10.5,PPG,9565
42479416030000,PI,10.5,PPG,9925
42479416030000,PI,10.5,PPG,10260
42479416030000,PI,10.5,PPG,10460
42479416030000,PI,11.6,PPG,10545
42479416030000,PI,12,PPG,10637
42479416030000,PI,12.1,PPG,11000
42479416030000,PI,12,PPG,12818
42479416030000,PI,12,PPG,13782
42479416030000,PI,12,PPG,15611
42479416040000,PI,8.9,PPG,2001
42479416040000,PI,12,PPG,11670
42479416060000,PI,8.5,PPG,3035
42479416060000,PI,11.6,PPG,3370
42479416060000,PI,11.6,PPG,5949
42479416060000,PI,11.6,PPG,7443
42479416060000,PI,11.6,PPG,8616
42479416060000,PI,11.6,PPG,9187
42479416060000,PI,11.6,PPG,9389
42479416060000,PI,11.6,PPG,9453
42479416060000,PI,11.6,PPG,9465
42479416060000,PI,11.6,PPG,9882
42479416060000,PI,11.6,PPG,10333
42479416060000,PI,11.6,PPG,11289
42479416060000,PI,11.6,PPG,12985
42479416060000,PI,11.6,PPG,14344
42479416060000,PI,12,PPG,15480
42479416130000,PI,10.6,PPG,4897
42479416130000,PI,10.6,PPG,7347
42479416130000,PI,10.9,PPG,8520
42479416130000,PI,11.2,PPG,9207
42479416130000,PI,11.2,PPG,11460
42479416130000,PI,11.1,PPG,13271
42479416130000,PI,11.2,PPG,14600
42479416140000,PI,8.9,PPG,1993
42479416140000,PI,8.8,PPG,3026
42479416140000,PI,11,PPG,3923
42479416140000,PI,11,PPG,5733
42479416140000,PI,11,PPG,7067
42479416140000,PI,11,PPG,7885
42479416140000,PI,11.2,PPG,8691
42479416140000,PI,11.2,PPG,9590
42479416140000,PI,11.7,PPG,11100
42479416140000,PI,11.7,PPG,13496
42479416140000,PI,11.7,PPG,14860
42479416140000,PI,11.8,PPG,16046
42479416140000,PI,11.6,PPG,16695
42479416170000,PI,8.8,PPG,120
42479416170000,PI,8.8,PPG,2190
42479416170000,PI,8.6,PPG,2990
42479416170000,PI,10.6,PPG,4200
42479416170000,PI,10.5,PPG,6022
42479416170000,PI,10.8,PPG,8299
42479416170000,PI,10.8,PPG,8679
42479416170000,PI,10.8,PPG,9317
42479416170000,PI,11,PPG,10785
42479416170000,PI,11.2,PPG,12798
42479416170000,PI,11.2,PPG,14327
42479416170000,PI,11.2,PPG,15180
42479416170000,PI,11.3,PPG,15898
42479416180000,PI,8.3,PPG,1535
42479416180000,PI,8.5,PPG,2832
42479416180000,PI,9.2,PPG,3011
42479416180000,PI,9.2,PPG,3038
42479416180000,PI,10.8,PPG,5437
42479416180000,PI,10.7,PPG,8010
42479416180000,PI,9.2,PPG,8585
42479416180000,PI,9.2,PPG,8676
42479416180000,PI,11.3,PPG,12030
42479416180000,PI,11.3,PPG,13620
42479416180000,PI,11.3,PPG,14170
42479416380000,PI,11.3,PPG,8710
42479416660000,PI,11.2,PPG,3828
42479416660000,PI,11.2,PPG,5650
42479416660000,PI,11.8,PPG,8700
42479416660000,PI,11.8,PPG,9220
42479416660000,PI,11.8,PPG,10520
42479416660000,PI,11.8,PPG,11920
42479416660000,PI,11.8,PPG,12549
42479416710000,PI,10.8,PPG,6896
42479416720000,PI,11.2,PPG,3036
42479416720000,PI,11.2,PPG,4644
42479416720000,PI,11.2,PPG,6436
42479416720000,PI,11.6,PPG,7934
42479416720000,PI,11.8,PPG,8756
42479416720000,PI,11.8,PPG,9750
42479416720000,PI,11.8,PPG,11500
42479416720000,PI,11.8,PPG,12900
42479416720000,PI,11.8,PPG,13522
42479416730000,PI,11.2,PPG,4689
42479416730000,PI,11.2,PPG,6305
42479416730000,PI,11.4,PPG,7836
42479416730000,PI,11.5,PPG,8230
42479416730000,PI,11.6,PPG,8785
42479416730000,PI,11.6,PPG,9747
42479416730000,PI,11.6,PPG,10938
42479416730000,PI,11.8,PPG,11029
42479416730000,PI,11.8,PPG,12350
42479416730000,PI,11.8,PPG,13000
42479416730000,PI,11.8,PPG,13646
42479416740000,PI,11.2,PPG,2976
42479416740000,PI,11.2,PPG,3005
42479416740000,PI,11.2,PPG,5489
42479416740000,PI,11.4,PPG,6300
42479416740000,PI,11.4,PPG,7934
42479416740000,PI,11.6,PPG,8300
42479416740000,PI,11.4,PPG,9108
42479416740000,PI,11.8,PPG,10200
42479416740000,PI,11.8,PPG,11270
42479416740000,PI,11.8,PPG,11700
42479416740000,PI,11.8,PPG,13283
42479416750000,PI,11.2,PPG,3095
42479416750000,PI,11.2,PPG,4977
42479416750000,PI,11.2,PPG,7461
42479416750000,PI,11.6,PPG,8246
42479416750000,PI,11.6,PPG,8715
42479416750000,PI,11.8,PPG,10660
42479416750000,PI,11.8,PPG,12158
42479416750000,PI,11.8,PPG,13135
42479416760000,PI,11.2,PPG,2996
42479416760000,PI,11.2,PPG,5700
42479416760000,PI,11.8,PPG,7600
42479416760000,PI,11.8,PPG,8100
42479416760000,PI,11.8,PPG,8558
42479416760000,PI,11.8,PPG,8996
42479416760000,PI,11.8,PPG,9620
42479416760000,PI,11.8,PPG,11500
42479416760000,PI,11.8,PPG,12592
42479416820000,PI,11.2,PPG,3027
42479416820000,PI,11.2,PPG,4330
42479416820000,PI,11,PPG,7856
42479416820000,PI,11.4,PPG,8680
42479416820000,PI,11.5,PPG,9062
42479416820000,PI,11.6,PPG,9621
42479416820000,PI,11.8,PPG,9840
42479416820000,PI,11.6,PPG,11546
42479416820000,PI,11.6,PPG,13740
42479416820000,PI,11.8,PPG,14885
42479416870000,PI,11.1,PPG,3670
42479416870000,PI,10.8,PPG,6050
42479416870000,PI,11,PPG,7672
42479416870000,PI,11,PPG,8584
42479416870000,PI,11.3,PPG,9253
42479416870000,PI,11.8,PPG,10020
42479416870000,PI,11.9,PPG,10060
42479416870000,PI,11.8,PPG,10934
42479416870000,PI,11.8,PPG,12359
42479416870000,PI,11.7,PPG,13340
42479416870000,PI,11.9,PPG,14640
42479416870000,PI,12,PPG,15550
42479416880000,PI,11,PPG,4150
42479416880000,PI,11,PPG,6410
42479416880000,PI,11.2,PPG,8335
42479416880000,PI,11.4,PPG,8837
42479416880000,PI,11.6,PPG,9505
42479416880000,PI,11.6,PPG,10997
42479416880000,PI,11.6,PPG,12246
42479416880000,PI,11.6,PPG,13744
42479416880000,PI,11.8,PPG,16450
42479416980000,PI,10.8,PPG,3054
42479416980000,PI,10.8,PPG,5227
42479416980000,PI,10.4,PPG,6552
42479416980000,PI,10.6,PPG,7887
42479416980000,PI,10.8,PPG,8454
42479416980000,PI,11,PPG,9041
42479416980000,PI,11,PPG,11806
42479416980000,PI,11,PPG,13734
42479416990000,PI,10.5,PPG,3000
42479416990000,PI,10.5,PPG,5310
42479416990000,PI,10.4,PPG,7150
42479416990000,PI,10.6,PPG,7960
42479416990000,PI,10.8,PPG,8950
42479416990000,PI,10.9,PPG,10360
42479416990000,PI,11.1,PPG,11339
42479416990000,PI,11.1,PPG,12182
42479416990000,PI,11.1,PPG,13077
42479416990000,PI,11.4,PPG,14020
42479417000000,PI,10.6,PPG,3112
42479417000000,PI,10.6,PPG,5465
42479417000000,PI,10.6,PPG,7040
42479417000000,PI,10.8,PPG,8060
42479417000000,PI,10.9,PPG,8240
42479417000000,PI,11.1,PPG,8783
42479417000000,PI,11,PPG,10547
42479417000000,PI,11.1,PPG,11333
42479417000000,PI,11.1,PPG,12735
42479417000000,PI,11.6,PPG,13832
42479417000000,PI,11.7,PPG,14047
42479417010000,PI,10.8,PPG,3275
42479417010000,PI,10.7,PPG,7434
42479417010000,PI,11,PPG,8257
42479417010000,PI,11.3,PPG,9312
42479417010000,PI,11.3,PPG,11374
42479417010000,PI,11.6,PPG,13585
42479417320000,PI,10.9,PPG,3015
42479417320000,PI,10.9,PPG,4710
42479417320000,PI,10.9,PPG,7015
42479417320000,PI,11,PPG,8400
42479417320000,PI,11.2,PPG,8901
42479417320000,PI,11.4,PPG,9610
42479417320000,PI,11.4,PPG,11965
42479417320000,PI,11.6,PPG,13172
42479417320000,PI,11.7,PPG,14911
42479417320000,PI,11.7,PPG,15235
42479417330000,PI,11.3,PPG,3110
42479417330000,PI,11.1,PPG,6400
42479417330000,PI,11.1,PPG,8250
42479417330000,PI,11.2,PPG,9006
42479417330000,PI,11.4,PPG,9438
42479417330000,PI,11.4,PPG,10750
42479417330000,PI,11.4,PPG,12250
42479417330000,PI,11.4,PPG,13500
42479417330000,PI,11.6,PPG,14307
42479419570000,PI,12.4,PPG,14540
42493325860000,PI,10,PPG,15056
42493326030000,PI,11.5,PPG,14129
42493326750000,PI,9.6,PPG,5261
42493326880000,PI,8.7,PPG,4170
42493326880000,PI,10.7,PPG,10817
42507327440100,PI,8.7,PPG,5032
42507327550000,PI,10.1,PPG,9246
42507327740000,PI,9.9,PPG,4450
42507328300000,PI,13,PPG,6100
42507328660000,PI,10,PPG,5473
42507329490000,PI,10.8,PPG,6120
42507329500000,PI,10.6,PPG,6100
42255326430000,PI,10.7,PPG,8993
42255326430000,PI,11,PPG,16135
42255326430000,PI,11.2,PPG,16139
42255326460000,PI,10.3,PPG,4300
42255326460000,PI,10.6,PPG,9862
42255326460000,PI,10.8,PPG,13340
42255326720000,PI,10.6,PPG,6877
42255326720000,PI,10.6,PPG,12317
42255326720000,PI,12.5,PPG,18084
42255326900000,PI,9.2,PPG,4435
42255326900000,PI,10.5,PPG,10461
42255326900000,PI,10.8,PPG,14500
42255326920000,PI,8.4,PPG,2883
42255326920000,PI,10.5,PPG,7476
42255326920000,PI,10.9,PPG,12250
42255326920000,PI,11.2,PPG,14630
42255326990000,PI,12.2,PPG,12300
42255326990000,PI,10.9,PPG,13227
42255326990000,PI,12.8,PPG,17690
42255327120000,PI,12.1,PPG,13157
42255327120000,PI,12.2,PPG,17279
42255327140000,PI,8.6,PPG,3530
42255327140000,PI,12,PPG,17463
42255327270000,PI,10.8,PPG,11068
42255327270000,PI,10.6,PPG,16224
42255327500000,PI,11.7,PPG,17078
42255327760000,PI,10.5,PPG,14729
42255327760000,PI,10.8,PPG,16225
42255327990000,PI,10.4,PPG,16589
42255328020000,PI,8.5,PPG,4368
42255328020000,PI,10.6,PPG,10392
42255328020000,PI,11.5,PPG,14684
42255328030000,PI,8.8,PPG,1029
42255328030000,PI,10.5,PPG,8700
42255328030000,PI,10.5,PPG,16549
42255328080000,PI,8.3,PPG,4888
42255328080000,PI,11,PPG,15541
42255328080000,PI,10.9,PPG,16670
42255328340000,PI,8.5,PPG,4001
42255328340000,PI,12.5,PPG,18810
42255328400000,PI,8.4,PPG,3348
42255328400000,PI,10.5,PPG,10595
42255328400000,PI,12.5,PPG,17205
42297352030000,PI,12,PPG,13786
42297352030000,PI,12.9,PPG,19260
42297352190100,PI,12.5,PPG,14534
42163335510000,PI,9.1,PPG,7952
42163335820000,PI,9.4,PPG,6370
42013346100000,PI,10.9,PPG,14622
42283336240000,PI,10.5,PPG,9201
42283336440000,PI,11,PPG,14805
42283337050000,PI,9,PPG,2983
42177328200000,PI,68,PPG,16222
42311351960000,PI,11.9,PPG,17077
42255328870000,PI,12,PPG,16437
